id_personal,nombre,nacionalidad,pasaporte,edad,genero,id_buque
0,Oswaldo Zedillo,SALVADOREÑA,N22415818,73,hombre,120
1,Aldo Ibarra,SALVADOREÑA,S96030318,32,mujer,9
2,Micaela Padron,ITALIANA,R99245213,69,mujer,10
3,Manuel Castro,ARGENTINA,M17084370,27,mujer,28
4,Alicia Cristal Ocasio Ramirez,SALVADOREÑA,L37265580,42,mujer,216
5,Rosario Arce Montaño,GUYANESA,F96333768,34,hombre,224
6,Flavio Aguirre,YUGOSLAVA,G86572171,44,mujer,239
7,Cristal Gaona Vazquez,LIBIA,E99654323,60,hombre,181
8,Itzel Madrid Tello,BIRMANA,O26876875,89,mujer,209
9,Nancy Perales,GUINEA,E21346302,19,hombre,23
10,Eugenio Villanueva,TURCA,I59647599,23,mujer,123
11,Jose Maria Varela,GAMBIANA,S86623127,46,hombre,94
12,Ignacio Almanza Velasquez,SINGAPORENSE,W43342581,22,mujer,196
13,Lourdes Mendez,TANZANIANA,O49324787,87,mujer,21
14,Nayeli Bernardo Tamez Calderon,ESTADOUNIDENSE,Z12618001,91,hombre,110
15,Emiliano Gerardo Muñoz,AUSTRALIANA,S67099414,99,hombre,63
16,Horacio Graciela Quesada,ZAMBIANA,H93386941,70,mujer,71
17,Sofia Monica Mayorga,SOVIETICA UCRANIANA,W70014015,69,hombre,240
18,Carla Jaramillo Garibay,SUDAFRICANA,U56669457,68,hombre,97
19,Estela Marroquin Ortiz,ALEMANA,F44457948,98,mujer,129
20,Ilse Alejandra Bustos,NIGERINA,O42187583,54,mujer,30
21,Minerva Barrios Concepcion,AUSTRALIANA,E20392152,68,mujer,91
22,Elisa Cortez,ISRAELI,G85401525,73,mujer,20
23,Juan Carlos Uriel Romero,BURKINA FASO,F54286063,38,hombre,117
24,Ariadna Gaona Ledesma,TUNECINA,L20402492,93,hombre,49
25,Susana Caldera,GUINEA,Y67957951,74,mujer,68
26,Estefania Ocampo Raya,ZAMBIANA,T64786536,41,mujer,57
27,Augusto Carlos Gallardo,INDONESA,L16315884,31,mujer,20
28,Jose Luis Karla Valverde,KIRGUISTAN,A41577310,26,hombre,72
29,Maria Jose Perales,ISRAELI,I91362274,96,mujer,66
30,Ofelia Navarro Davila,BHUTANESA,Z44372972,68,hombre,6
31,Lucia Palomo Olivera,NAMIBIANA,J50508589,35,hombre,118
32,Emilio Asuncion Luevano,LIBANESA,K52943396,91,mujer,148
33,Soledad Beltran,PORTUGUESA,L81362177,47,hombre,86
34,Dulce Omar Rivas,GUINEA,O65003049,67,mujer,25
35,Felix Hernandes,BULGARA,G94389129,26,mujer,121
36,Maria Teresa Samuel Segovia,RWANDESA,U87952200,82,hombre,221
37,Ricardo Julia Archuleta,GABONESA,T60754009,37,mujer,114
38,Liliana Juan Carlos Padron,ESTONIA,O63088677,68,hombre,86
39,Isabel Estefania Olmos Cordero,GUINEA ECUATORIANA,X35740583,16,mujer,110
40,Isabela Gil Espinosa,TANZANIANA,P90936714,40,hombre,162
41,Isaac Armas Tejada,OMANESA,S90584294,59,hombre,189
42,Pilar Meraz Reynoso,ITALIANA,E98870300,65,hombre,112
43,Bruno Indira Olivas Galvon,LITUANIA ,J48004489,64,mujer,54
44,Victoria Jorge Arredondo Madrigal,AUSTRIACA,N34722023,28,mujer,138
45,Irene Villagomez Velazquez,CHIPRIOTA,B33581793,76,hombre,36
46,Sessa Ordoñez,COLOMBIANA,I26539190,61,hombre,145
47,Ana Noelia Barrios,KENIANA,Y82472204,20,mujer,156
48,Jesus Henriquez,SURINAMENSE,W96255468,65,mujer,97
49,Sergio Gil,HAITIANA,Q28903565,65,hombre,167
50,Augusto Cordero Jasso,SWAZI,D12747000,64,hombre,98
51,Jose Eduardo Javier Casillas,REINO UNIDO,D84811007,51,hombre,130
52,Mercedes Martinez,NAMIBIANA,A59785418,86,hombre,58
53,Rosalia Rocio Vazquez Granados,GUYANESA,Q42575194,55,hombre,210
54,Santiago Guillen Esquibel,BURUNDESA,D26597294,21,mujer,172
55,Augusto Margarita Crespo,SUIZA,S70684322,18,hombre,178
56,Modesto Lucero Luna,ESTONIA,Z12327276,28,mujer,239
57,Maria del Carmen Rodolfo Blanco Romo,BOLIVIANA,T55227978,71,hombre,153
58,Adan Gilberto Lomeli Escobar,DE SANTO TOME,Z25809531,54,mujer,179
59,Juan Carlos Carvajal Zamora,TUNECINA,Q79731575,51,mujer,177
60,Natalia Delgadillo Robledo,SAN MARINENSE,S87281990,49,hombre,30
61,Ruben Mora,PAPUENSE,B52410712,73,mujer,91
62,Ana Acevedo Munguia,MALDIVA,Q17998243,29,hombre,89
63,Zeferino Sofia Ortega,AMERICANA,G70427042,60,mujer,34
64,Mateo Claudio Leiva Valle,ZAMBIANA,P21702655,14,hombre,24
65,Maria Eugenia Robledo Arteaga,GRANADINA,Z57372798,56,mujer,189
66,Jose Manuel Olga Perales,PAPUENSE,E67387779,13,mujer,229
67,Yolanda Blanco,TRINITARIA,B95281165,30,mujer,148
68,Dulce Maria Salvador Escamilla,PARAGUAYA,H65186003,54,hombre,121
69,Ana Mesa,DE SANTO TOME,S99817979,22,hombre,48
70,Genaro Valentin,SUIZA,Q77360488,30,hombre,144
71,Tomas Valdez Serrano,TUNECINA,F55163262,67,hombre,30
72,Clara Zavala,SINGAPORENSE,E72768513,41,hombre,104
73,Benito Heredia Leal,SIRIA,H68808611,13,hombre,42
74,Reina Jose Carlos Espino Riojas,INDONESA,N62020387,52,hombre,237
75,Maria Elena Ana Aguilera Aparicio,PARAGUAYA,T81315126,94,hombre,64
76,Abelardo Linares,MOZAMBIQUEÑA,J33065404,23,mujer,196
77,Anabel Emilia Zamora avalos,PANAMEÑA,T24679589,36,mujer,216
78,Rocio Gurule,NICARAGUENSE,S48630929,44,hombre,232
79,Flavio Paulina Vasquez Ybarra,ZAIRANA,J52410570,96,hombre,236
80,Jos Zavala Salazar,ZAIRANA,W88696841,16,mujer,57
81,Lorenzo Soto,BURKINA FASO,H35385767,39,hombre,99
82,Alfonso German Baez Moreno,SIERRA LEONESA,X66726406,22,mujer,242
83,Felipe del Valle,REINO UNIDO,T49144954,74,hombre,90
84,Octavio Caballero,CHILENA,Y28920946,94,mujer,25
85,Humberto Carreón,SIERRA LEONESA,S11772990,65,mujer,33
86,Hugo Jose Manuel Aguilera Olvera,PORTUGUESA,G24272216,21,hombre,227
87,Ivonne Montenegro,NIGERINA,J64594612,85,hombre,206
88,Nadia Cedillo,NAURUANA,D29290177,57,mujer,200
89,Elena Estrada,JORDANA,Y97685445,92,mujer,40
90,Laura Ramon,MALDIVA,M29889337,65,hombre,238
91,Rosario Gregorio Godoy Jaimes,HINDU,V37562483,77,mujer,73
92,Susana Miramontes,AMERICANA,K71932185,94,hombre,102
93,Ana Luisa Delgado,SWAZI,U52204644,33,hombre,124
94,Enrique Tamez,SAN MARINENSE,J23831554,78,mujer,113
95,Diana Martha Menchaca,TOGOLESA,X77004626,13,mujer,234
96,Julio Genaro Alfaro Ojeda,BELICEÑA,E52952269,77,hombre,12
97,Ivan Aviles de Jesus,CONGOLESA,X63993476,96,mujer,1
98,Claudio Joaquin Porras,ARGELIANA,V53428041,50,mujer,166
99,Victoria Maria Teresa Chapa,HONDUREÑA,I67168870,81,hombre,234
100,Abril Luisa Yañez Hinojosa,ZAMBIANA,T77399897,93,hombre,17
101,Horacio Mercado,CHECOSLOVACA,I19030976,24,mujer,223
102,Aurora Jaquez,BAHAMEÑA,V19318115,99,mujer,226
103,Alta  Gracia Corona,LIBANESA,K98008674,40,mujer,112
104,Ruby Soria,GRIEGA,A32966457,20,hombre,33
105,Maria Teresa Sarabia,MICRONECIA,K16816418,46,mujer,114
106,Rosario Jorge Luis de la Fuente Coronado,PAPUENSE,H62599461,86,mujer,142
107,Cecilia Guillermo Castillo,MARFILEÑA,U69595745,43,mujer,100
108,Leonor Eric Mireles,CANADIENSE,Q19693202,56,mujer,185
109,Alfredo Salcedo,LITUANIA ,R33059713,51,mujer,139
110,Jaime Vega Colon,NEPALESA,P91007805,53,mujer,194
111,Karla Casares,AFGANA,B91603747,52,hombre,126
112,Liliana Quintero,DE BAHREIN,W71697646,60,hombre,75
113,Natalia Patiño,LIECHTENSTENSE,M17950737,69,hombre,153
114,Wendolin Feliciano,BIRMANA,N49963802,96,mujer,110
115,Pedro Caballero,URUGUAYA,D12995815,86,hombre,210
116,Gustavo Hernandez,KIRGUISTAN,H72481896,37,mujer,20
117,Juan Carlos Abigail Anguiano Adame,SWAZI,G52881568,44,mujer,76
118,Ricardo Rocio Acuña,BRITANICA,Q47868245,48,mujer,33
119,Linda Cortes,LIECHTENSTENSE,Z24413077,63,hombre,6
120,Sessa Esther Correa Godonez,SIRIA,C62873808,83,mujer,46
121,Abraham Leiva,ALEMANA,B35171331,63,hombre,211
122,Tomas Solis,ZAMBIANA,L18340568,31,mujer,135
123,Maria Eugenia Centeno,RUMANA,G38342014,61,mujer,199
124,Magdalena Corona,SUDANESA,M98860158,12,mujer,46
125,Rufino Aguilera,BOLIVIANA,Q57744567,13,hombre,167
126,Graciela Rosas,FRANCESA,V90110818,32,hombre,27
127,Julio Veronica Zayas Nevarez,REINO UNIDO,S11970291,97,hombre,33
128,Alma Cisneros,MARROQUI,C34159270,22,mujer,178
129,Abel Treviño,MAURITANA,V84504169,55,mujer,163
130,Aldonza Irizarry Barragan,ZAIRANA,C42942785,37,mujer,201
131,Amalia Teodoro Cano Almaraz,HOLANDESA,K14707299,43,mujer,46
132,Victor Castro,URUGUAYA,M85459209,86,mujer,56
133,Rosario Rojas Guardado,IRLANDESA,L72554373,79,mujer,183
134,Carlota Evelio Rocha Alfaro,LIECHTENSTENSE,D69263703,71,hombre,238
135,Leonardo Antonia Coronado Quintero,GABONESA,F62163147,37,mujer,233
136,Pascual Cornejo,SINGAPORENSE,K63693615,25,mujer,32
137,Mateo Soto Moya,JAPONESA,K88048774,89,mujer,11
138,Jose Paulina Velez Ponce,PARAGUAYA,A92076676,54,hombre,165
139,Noemi Luna,MONEGASCA,G92774554,78,hombre,98
140,Jose Carlos Rocio Delgado,CANADIENSE,F17391225,94,mujer,245
141,Maria Elena Olivo,LIBANESA,T89668993,84,hombre,129
142,Guillermo Figueroa Casanova,NAURUANA,J29686165,98,mujer,59
143,Caridad Alejandro Collado Esquivel,SUIZA,B41943528,10,mujer,189
144,Federico Zacarias Mejia Burgos,GUINEA ECUATORIANA,P88267883,75,hombre,199
145,Jeronimo Grijalva Garrido,ETIOPE,G60384149,48,hombre,133
146,Amelia Israel del Rio Dominguez,URUGUAYA,D42345801,21,hombre,39
147,Jaime Marisol Madrid,BRITANICA,U71661520,27,hombre,127
148,Eloy Valadez Lemus,MEXICANA,R87923672,62,hombre,146
149,Aldo Ulloa Vera,FINLANDESA,X40670359,74,mujer,22
150,Javier Matias,DOMINICA,Q25618342,18,mujer,34
151,Rosalia Zacarias Cazares,DANESA,J92437602,75,mujer,210
152,Espartaco Leiva Irizarry,CHINA,X43111101,19,mujer,214
153,Pedro Ruelas,AFGANA,S16219566,23,mujer,178
154,Olga Montez,ALEMANA,O88920707,44,hombre,60
155,Florencia Montero Chacan,HINDU,U78263685,40,hombre,53
156,Irma Davila,BOLIVIANA,S71702045,20,hombre,42
157,Augusto Clara Sanchez Colon,GUINEA,J59811637,67,mujer,57
158,Ricardo Garay,MALDIVA,W24746378,51,mujer,158
159,Abel Alfredo Vargas,NORVIETNAMITA,R19808865,49,mujer,144
160,Cristian Teodoro Oquendo,SINGAPORENSE,Z95831595,94,hombre,78
161,Sofia Orellana Rosas,SUECA,V42528064,70,mujer,195
162,Leticia Ureña,SIRIA,T19743718,70,hombre,119
163,Isabel Alvarez,BOTSWANESA,P36703267,84,mujer,35
164,Marisol Oquendo,NIGERIANA,J81992311,22,mujer,36
165,Antonia Pacheco,NICARAGUENSE,C83712317,50,hombre,3
166,Jorge Muñiz,MALDIVA,J86186594,48,mujer,239
167,Jose Jose Eduardo Barraza Covarrubias,MEXICANA,H92061576,61,mujer,20
168,Caridad Ceja,REINO UNIDO,G10013637,12,hombre,92
169,Abraham Gurule Menchaca,MALIENSE,I75861226,86,mujer,90
170,Berta Malave Zepeda,MALASIA,S92011051,53,hombre,106
171,Dario Tomas Longoria Linares,GAMBIANA,X48431659,65,hombre,99
172,Mario Jaime,LIBIA,V46586488,73,hombre,116
173,Julio Llamas,ETIOPE,K14413559,81,mujer,149
174,Angela Esperanza Cortez Rosas,SUECA,T84921359,67,hombre,120
175,Julio Cesar Quiñonez Pantoja,ZAIRANA,M23752681,52,hombre,219
176,Alejandro Maria Cristina Esquivel Martinez,AFGANA,W93531470,58,mujer,54
177,Sara Villareal,TAILANDESA,I45816186,93,mujer,67
178,Hugo Castro,CUBANA,M45487491,90,hombre,240
179,Pablo Gallardo,MONEGASCA,Z47651097,82,mujer,213
180,Marcos Martin Valadez Zambrano,NORCOREANA,D68973471,60,mujer,11
181,Karla Bonilla Otero,SURINAMENSE,U20635282,63,hombre,197
182,Jacobo Indira Mares,ESTONIA,U44458462,19,mujer,33
183,Irene Mora,ISRAELI,L83116169,67,hombre,24
184,Bernardo Raul Niño,BHUTANESA,G28581662,78,mujer,208
185,Minerva Israel Santacruz Sierra,REINO UNIDO,F36197968,80,mujer,12
186,Dolores Hector Mata,MONGOLESA,F46237407,66,mujer,28
187,Alicia Espinosa,ESPAÑOLA,J84936916,28,hombre,248
188,Berta Vega,RUMANA,D98657401,56,hombre,214
189,Caridad Sergio Vargas,MOZAMBIQUEÑA,G80440045,49,mujer,96
190,Carlota Archuleta,SIERRA LEONESA,X74214731,34,hombre,48
191,Marisol Montaño Hinojosa,SOVIETICA UCRANIANA,X55907580,26,hombre,185
192,Karla Cotto Reyes,HINDU,M32819818,69,mujer,102
193,Graciela Gilberto Tamayo,ZAMBIANA,P63907762,12,mujer,101
194,Noelia Trujillo,TANZANIANA,G20824518,68,mujer,104
195,Beatriz Montañez Mena,DOMINICA,Z62341623,58,mujer,234
196,Mariano Hinojosa,BRITANICA,G97447072,75,mujer,189
197,Mauricio Ochoa,PAKISTANI,P41251204,64,mujer,201
198,Esperanza Josefina Gamez,ARGELIANA,I82557947,65,hombre,197
199,Itzel Riojas,CHINA,Y70470691,25,mujer,178
200,Sandra Maldonado Mejia,BRASILEÑA,G97945596,13,mujer,75
201,Raquel Cornejo,OMANESA,W86925667,74,hombre,229
202,Jacinto Gabriel Otero,BHUTANESA,S33763855,51,mujer,165
203,Ursula Terrazas Viera,BRASILEÑA,Q82427980,47,mujer,141
204,Amelia Mayorga,REINO UNIDO,L95395813,81,hombre,146
205,Amanda Pulido,MALDIVA,M78912406,88,mujer,11
206,Reina Adan Baeza Paez,YEMENI,P61007335,95,hombre,186
207,Estefania Naranjo Nevarez,TAIWANESA,F35177147,68,hombre,5
208,Ariadna Ferrer,ARGENTINA,Z73890508,59,mujer,176
209,Alejandro Rosario,NICARAGUENSE,X28190900,47,mujer,64
210,Maria Jose Berrios,VATICANA,A99075356,16,mujer,215
211,Ignacio Gamboa,DE CABO VERDE,Y33621652,58,mujer,194
212,Elena Octavio Longoria,CHADIANA,C75435134,57,hombre,100
213,Dulce Samuel Altamirano,DE BAHREIN,H51404851,73,hombre,28
214,Gustavo Rodrigez,HAITIANA,T95578501,33,hombre,194
215,Adalberto Pabon Fajardo,ISLANDESA,G71777805,83,mujer,76
216,Yeni Rosa Acosta Lemus,CANADIENSE,E84206767,39,mujer,64
217,Ursula Sierra,RWANDESA,B41807889,24,mujer,88
218,Alvaro Amanda Soto Jaimes,CANADIENSE,D17470993,66,hombre,235
219,Gregorio Aurelio Olivas Solorzano,PAKISTANI,Y95422526,28,mujer,135
220,Norma Calderon,GRIEGA,G89138616,69,mujer,148
221,Cristian Frias,DE BAHREIN,L53367487,10,mujer,203
222,Gonzalo Arcelia Vanegas Centeno,BELICEÑA,I71035953,72,hombre,71
223,Maria Eugenia Arroyo,BELGA,G62088265,23,hombre,55
224,Hector Nadia Concepcion,LAOSIANA,U50167995,16,hombre,230
225,Cornelio Ramos de la Rosa,GUINEA,G59557597,12,hombre,38
226,Silvano Julio Cesar Tamayo,MALASIA,W86901126,52,hombre,20
227,Alicia Concepcion Canales,CAMERUNESA,M32531724,17,mujer,166
228,Javier Raul Cervantez,FRANCESA,Q77332509,73,hombre,45
229,Anabel Melgar Galvez,ARGENTINA,G43243084,16,mujer,205
230,Gerardo Mendez Ureña,AUSTRALIANA,C69969453,94,mujer,124
231,Daniela Laureano,ARGELIANA,O92126449,89,mujer,91
232,Leticia Alejandra Lerma,ZAMBIANA,D47863811,14,hombre,69
233,Cynthia Sosa,GUYANESA,Z76196301,73,hombre,58
234,Hermelinda Alcala,NORCOREANA,F34944561,44,mujer,76
235,Julio Citlali Alvarado Arenas,DE ZIMBAWI,E60644741,71,mujer,226
236,Julio Cesar Velasco,EGIPCIA,O56033253,57,hombre,27
237,Rosalia Huerta,KENIANA,Y20694626,62,mujer,140
238,Dabora Barajas Moya,TRINITARIA,H37681102,94,hombre,18
239,Leonor Margarita Meza Barrera,BHUTANESA,C90746321,44,mujer,218
240,Esther Maria Elena Ceja de Leon,MAURICIANA,S24497049,54,hombre,92
241,Angela Magaña Contreras,ARABE,H65615792,35,mujer,205
242,Mercedes Zelaya,SINGAPORENSE,G72884936,12,mujer,30
243,Esmeralda Anguiano,BOTSWANESA,D32411194,44,mujer,244
244,Flavio Becerra,LIBANESA,N82236050,85,hombre,53
245,Reynaldo Porfirio Galvon,GABONESA,Q62049713,59,mujer,147
246,Juan Carlos Bañuelos,REINO UNIDO(BRIT. DEL EXT.),I39150171,18,mujer,247
247,Rocio Itzel Matias,RUMANA,Z73076598,50,hombre,51
248,Rafael Brito,BURUNDESA,K98431752,15,hombre,20
249,Violeta Eugenia Quiroz Sisneros,GHANATA,T37699639,20,hombre,79
250,Sergio Escamilla Oquendo,SANTA LUCIENSE,Q99626196,87,hombre,156
251,Abril Alfredo Alcantar Nevarez,JORDANA,C72408604,30,mujer,215
252,Santiago Gustavo Ulloa Trujillo,ESLOVENIA,E67980635,73,hombre,135
253,Rafael Granado Jaimes,MAURICIANA,V90788961,12,mujer,189
254,Rodrigo Esperanza Roque Nava,LESOTHENSE,M15953646,20,mujer,145
255,Rocio Cotto Lemus,MALDIVA,P46015658,34,hombre,172
256,Margarita Benitez,MALAWIANA,E19836287,62,mujer,102
257,Clara Leticia Orosco,REINO UNIDO,X82897919,91,hombre,156
258,Frida Soria,NIGERINA,G76754322,62,hombre,151
259,Esteban Ruby Calvillo Arroyo,YEMENI,D20635647,27,hombre,133
260,Rufino Velasco,GUINEA,D41778711,37,mujer,22
261,Uriel Concepcion,JAMAIQUINA,J60837705,72,mujer,40
262,Gonzalo Jorge Suarez Caldera,MOZAMBIQUEÑA,F10864707,66,mujer,3
263,Mario Estefania Ybarra Rojo,TURCA,H28771080,74,mujer,84
264,Miguel Angel Figueroa,IRAQUI,Z12118596,86,hombre,95
265,Arcelia Jesus Robles,IRANI,V83521814,69,hombre,71
266,Luz Madera Gallardo,GUINEA ECUATORIANA,B81503930,92,mujer,231
267,Amanda Gracia,PORTUGUESA,U30419828,27,hombre,1
268,Adela Ledesma,ALEMANA,F86107166,28,mujer,119
269,Jose Manuel Arturo Caldera,IRLANDESA,D43567081,22,mujer,173
270,German Galvon,SAMOANA,S67426526,57,hombre,17
271,Noemi Ariadna Padron,GUINEA,T39541124,45,mujer,134
272,Ignacio Muñiz,SAN MARINENSE,F24904237,43,mujer,224
273,Nelly Julio Pichardo Jaramillo,SUDANESA,Y18632801,16,mujer,182
274,Julia Valdivia Florez,PUERTORRIQUEÑA,Q96850129,51,mujer,66
275,German Otero Pichardo,AUSTRIACA,G46186009,53,hombre,95
276,Teodoro Zepeda Chavarria,HUNGARA,N29503541,23,mujer,155
277,Eva Cervantes,HUNGARA,H22271475,33,hombre,146
278,Indira Karina de Anda Verduzco,MALASIA,F33523355,75,mujer,111
279,Julio Carrero Esparza,KUWAITI,M38215478,71,mujer,245
280,Angelica Mesa,DE ZIMBAWI,C86355149,21,mujer,88
281,Emilia Delgado,JAPONESA,Y43005194,49,mujer,244
282,Alma Zacarias Sauceda,SWAZI,Z52180289,40,hombre,144
283,Augusto Irene Ceballos,AUSTRIACA,J15119141,15,hombre,173
284,Nelly Prado Calderon,ARGELIANA,T94155425,69,mujer,219
285,Ricardo Ernesto Salcido Chacan,SAN MARINENSE,N66626290,92,mujer,39
286,Hilda Burgos Rascon,LAOSIANA,R53180852,74,hombre,131
287,Dario Emiliano Razo Dominguez,MARROQUI,G37206735,81,hombre,163
288,Humberto Palomo Arguello,NORVIETNAMITA,T83809947,84,hombre,140
289,Estela Godonez,GUYANESA,T46938836,99,hombre,151
290,Jose Rios Rincon,MOLDOVIA,L68289534,17,hombre,54
291,Paulina Chavez,MONEGASCA,C42363592,93,hombre,181
292,Tomas Olvera,MOLDOVIA,N20315368,16,hombre,28
293,Aida Espinoza,SALOMONESA,U44621636,33,mujer,151
294,Florencia Cynthia Lugo Laboy,CHECOSLOVACA,M66215755,37,mujer,131
295,Delia Riojas Lozada,RUMANA,R31033516,27,hombre,10
296,Indira Armenderiz,TAIWANESA,C17933389,46,mujer,29
297,Maximiliano Malave Serrano,MALAWIANA,F26110704,41,hombre,236
298,Concepcion Jorge Luis Zuñiga,LAOSIANA,G56771209,14,hombre,84
299,Jesus Teron,MALIENSE,X40190083,36,hombre,234
300,Teresa Pedro Arce,LIBIA,H60880738,39,hombre,131
301,Aldonza Aldo Lozano,DE BARBADOS,T96848598,13,hombre,7
302,Emilia Cadena,ISRAELI,U44526145,50,mujer,89
303,Veronica Madrid Alba,GRANADINA,R94787103,14,hombre,80
304,Patricio Rico Salinas,PORTUGUESA,N53300637,57,hombre,174
305,Omar Elena Samaniego,HAITIANA,K60088271,20,hombre,149
306,Noemi Ruiz,AUSTRALIANA,S54336476,70,mujer,81
307,Jacobo Sofia Arteaga,VENEZOLANA,T28924830,76,mujer,143
308,Ruby Abigail Bustos Solorio,MACEDONIA,R92170937,59,mujer,141
309,Antonio Ariadna Escamilla Guerra,LESOTHENSE,O38314291,14,mujer,89
310,Daniela Polanco Avila,DE SEYCHELLES,X25806442,93,mujer,119
311,Paulina Berta Segura Alcaraz,MARFILEÑA,X21782966,50,hombre,72
312,Georgina Barreto,PORTUGUESA,M88192722,46,mujer,68
313,Cornelio Sessa Lucero Suenz,NAMIBIANA,N79457372,25,hombre,70
314,Karla Garibay Niño,GUINEA,N53152943,44,hombre,22
315,Anel Rios,SALVADOREÑA,C63337324,32,mujer,7
316,Fidel Emiliano Molina,TOGOLESA,W47775182,62,hombre,9
317,Leonor Emilio Sosa,PARAGUAYA,N95498824,59,hombre,213
318,Eduardo Pulido,FILIPINA,Z62349473,28,hombre,14
319,Irma Casillas,MALAWIANA,U43273299,73,hombre,227
320,Pascual Miranda,PAKISTANI,P44811148,76,hombre,120
321,Nicolas Camacho,OMANESA,J47240810,27,mujer,26
322,Elena Garrido Juarez,GRIEGA,P92686343,67,hombre,79
323,Jacobo Ramirez,CHILENA,Z16091769,19,mujer,205
324,Abraham Graciela Serna Zambrano,BELGA,V74659763,14,mujer,151
325,Ofelia Paola Ceballos,ESLOVACA,D39331602,68,mujer,207
326,Mitzy Partida,CHIPRIOTA,Z91506537,98,hombre,163
327,Mitzy Quiroz Valenzuela,CUBANA,G82290652,22,mujer,128
328,Norma Figueroa Arias,DE CABO VERDE,A74939030,31,hombre,24
329,Bernabe Eugenio Ferrer Reyna,BURUNDESA,L98220210,18,mujer,63
330,Camilo Camilo Bañuelos,IRANI,C92774826,17,mujer,165
331,Lorenzo Marcela Maldonado,RUMANA,N94602558,97,mujer,142
332,Mauro Nazario,KUWAITI,N76835766,45,mujer,61
333,Renato Dueñas,MOZAMBIQUEÑA,J94770262,68,hombre,17
334,Esperanza Rufino Barrios,SOVIETICA UCRANIANA,U29447434,43,mujer,218
335,Bianca Alejandro Llamas Carreon,SUDCOREANA,M61070375,31,hombre,63
336,Cristina Mariana Ocampo,LIBANESA,N54316699,33,mujer,3
337,Maria Luisa Horacio Pelayo Rios,EGIPCIA,R31518645,72,hombre,116
338,Lucas Rolando Rico,MALTESA,F15670255,37,hombre,7
339,Gustavo Jonas Baca,SIERRA LEONESA,L35747887,94,mujer,198
340,Martha Ceja,YUGOSLAVA,R73647682,83,hombre,50
341,Margarita Aldo Ramos,PAKISTANI,R92652060,85,mujer,113
342,Modesto Lozada,SUDCOREANA,W60431450,68,mujer,193
343,Laura Jeronimo Ferrer Salcido,GRIEGA,H62015947,93,hombre,92
344,Gabino Madrigal Mayorga,DOMINICA,Q87090673,54,mujer,201
345,Rosario Aurelio Concepcion,COSTARRICENSE,P38256114,41,hombre,146
346,Miriam Granado,NORVIETNAMITA,Z55229668,96,mujer,237
347,Jesus Aguilar,MACEDONIA,Z44611213,14,hombre,162
348,Patricio Alfonso Sanchez,COMORENSE,H34295507,57,mujer,159
349,Paola Bañuelos Patiño,BULGARA,P90125086,21,hombre,170
350,Amador Eric avalos,ESLOVAQUIA,C34769382,58,hombre,99
351,Juan Rosales,MOZAMBIQUEÑA,Q11437339,41,hombre,247
352,Ofelia Marcela Valles,ESTADOUNIDENSE,M37790779,23,mujer,195
353,Uriel Melgar González,BIRMANA,I70460685,74,mujer,139
354,Pedro Irma Marroquin,SENEGALESA,Z18059834,71,hombre,231
355,Anel Ursula Laureano,BULGARA,S57345242,48,mujer,191
356,Aurora Aragon,BOTSWANESA,R34605865,67,mujer,48
357,Sonia Valencia Suarez,MONGOLESA,K96427068,25,hombre,36
358,Jesus Collado Mercado,GABONESA,Q99604303,29,mujer,20
359,Jose Torres Perea,SUECA,R54032815,57,mujer,232
360,Tomas Gonzales Quintero,BAHAMEÑA,D30990389,24,mujer,112
361,Maximiliano Guadalupe Sepulveda Limon,CHIPRIOTA,O49200843,35,mujer,65
362,Martin Muro Escobar,SURINAMENSE,R90570268,21,mujer,149
363,Cynthia Isaac Acuña Almonte,REINO UNIDO,C98783766,22,mujer,232
364,Pedro Casares,AUSTRIACA,O33503031,40,hombre,67
365,Nelly Rosa Quintero,NIGERINA,U28796448,64,mujer,48
366,Minerva Casares,MALASIA,W28672552,16,mujer,5
367,Rosa Tello,KUWAITI,E28434775,40,mujer,152
368,Caridad Galindo,BHUTANESA,M13673150,83,hombre,127
369,Pascual Maria Eugenia Villegas Calvillo,TRINITARIA,G79168985,27,hombre,57
370,Natividad Rascon Lozano,REINO UNIDO,U17882124,80,hombre,32
371,Joaquin Almonte,ARABE,D74455336,75,hombre,73
372,Frida Santiago Valles,SALOMONESA,Y72017716,79,mujer,112
373,Ana Luisa Benitez,MAURICIANA,N94594644,61,mujer,131
374,Mercedes Reyes,EGIPCIA,H12328752,94,hombre,47
375,Renato Giron Valles,ANGOLESA,J73774918,80,mujer,176
376,Alicia Morales,ISRAELI,O77790451,63,mujer,100
377,Marco Antonio Robles,GHANATA,Q71451810,15,mujer,220
378,Nancy Esteban Salgado Ybarra,DE CABO VERDE,O11517948,27,hombre,69
379,Raquel Carreon,PARAGUAYA,P90466792,23,mujer,44
380,Eugenia Esperanza Galarza Mendez,ETIOPE,O93555640,73,hombre,19
381,Israel Melendez,NAMIBIANA,C22706964,48,hombre,146
382,Estefania Bermudez,HUNGARA,P68794723,89,hombre,203
383,Daniel Velez Ferrer,SOVIETICA UCRANIANA,O65264338,79,hombre,99
384,Timoteo Amelia Ojeda Prado,ZAMBIANA,I54791407,34,mujer,173
385,Josefina Vega,SURINAMENSE,M30180966,34,hombre,181
386,Anel Caballero Ceballos,NAMIBIANA,J76155106,32,hombre,224
387,Angela Karina Mares,SWAZI,M42318695,90,hombre,87
388,Alejandro Montoya,MALASIA,F50197319,27,hombre,217
389,Elisa Varela,BOTSWANESA,A58142990,21,mujer,176
390,Lorenzo Camilo Quintanilla,HONDUREÑA,U58822965,10,mujer,169
391,Gerardo Pulido,KIRGUISTAN,J56679008,51,hombre,78
392,Frida Marrero,SURINAMENSE,X82993719,12,hombre,245
393,Maria Cristina Zavala Rivera,MOLDOVIA,R18774549,61,hombre,49
394,Rosa Barrios,ISRAELI,Y62780558,10,hombre,68
395,Dalia Jeronimo Arevalo Cordova,COMORENSE,C50709947,20,mujer,137
396,Dolores Manuel Castillo Leiva,AUSTRALIANA,A28842541,81,hombre,120
397,Minerva Raya,DEL QATAR,D18853282,67,mujer,62
398,Horacio Alfredo Valle,MARFILEÑA,O78837046,98,mujer,155
399,Angela Resendez Castro,BELGA,C97424828,76,hombre,235
400,Karla Nevarez Delgado,DE BENNIN,P99525371,91,hombre,226
401,Aldonza Zoe Terrazas Alonso,GRANADINA,G72662280,13,mujer,128
402,Julio Tallez,HUNGARA,A51716020,22,mujer,29
403,Daniela Trinidad Alvarez Menchaca,YUGOSLAVA,X64476508,31,hombre,107
404,Aurelio Pablo Sanches,VENEZOLANA,A67760948,72,mujer,153
405,Fabiola Luis Manuel Morales Davila,COMORENSE,R76796869,39,hombre,80
406,Natividad Roybal,SUDANESA,X20175196,66,mujer,36
407,Gabino Concepcion,ITALIANA,Z37139094,37,mujer,104
408,Agustin Patricia Pacheco Treviño,ALEMANA,U15692667,81,hombre,43
409,Antonio Alma Lopez Tapia,CHINA,R98871472,94,hombre,161
410,Georgina Nieto Nuñez,KUWAITI,F65910198,69,hombre,193
411,Monica Sotelo,BELICEÑA,R91225327,34,mujer,79
412,Caridad Abelardo Cepeda,YUGOSLAVA,B48638051,57,mujer,142
413,Jeronimo Vazquez Madera,FIJIANA,J41177977,95,mujer,112
414,Esparta Muñiz,LIBERIANA,B83970054,57,mujer,230
415,Homero Sandoval,NIGERINA,R33301366,70,hombre,174
416,Adan Bernardo Hurtado,ANGOLESA,Y28690598,46,hombre,135
417,Blanca Horacio Guardado,NIGERIANA,B71223947,11,hombre,150
418,Gloria Maldonado Soliz,DE BAHREIN,S66542453,77,mujer,107
419,Jeronimo Barreto,NEPALESA,X50419209,98,mujer,45
420,Alejandra Murillo,HINDU,S31191826,33,hombre,137
421,Rafael Arturo Guardado Barreto,ESPAÑOLA,E73622992,63,mujer,39
422,Reina Burgos,UGANDESA,L23344989,93,mujer,153
423,Susana Mateo,BRASILEÑA,R87131401,74,hombre,72
424,Abraham Uriel Gastulum Nieto,TAILANDESA,J73971982,29,hombre,90
425,Martha Santillon,ESLOVACA,H84704086,30,hombre,144
426,Sessa David Mejia Marrero,LAOSIANA,R82394428,27,hombre,59
427,Estela Pedro Guevara Casarez,SALVADOREÑA,S27059453,58,hombre,201
428,Patricia Cristina Garza,HINDU,L47267901,76,mujer,202
429,Yuridia Lucia Chavarria,MONEGASCA,T50865195,34,hombre,44
430,Concepcion Miramontes Viera,SWAZI,D45067023,29,mujer,142
431,Eloisa Ledesma Robledo,HOLANDESA,B47512252,78,hombre,97
432,Yeni Florez,DOMINICANA,P88439867,55,hombre,233
433,Bruno Santiago Jurado Villarreal,ESPAÑOLA,S79725707,36,mujer,124
434,Angqlica Haro Benavidez,CAMBOYANA,Q98292268,18,mujer,222
435,Augusto Geronimo Bueno,GUYANESA,Q81899059,49,mujer,142
436,Indira Esmeralda Luna,LIBANESA,V38238048,45,mujer,159
437,Esteban Navarrete,IRAQUI,V32648303,61,hombre,58
438,Judith Abril Puga,ISLANDESA,N83602904,35,mujer,235
439,Aldo Sessa Zavala,DOMINICA,D96891559,85,hombre,98
440,Esparta Cornejo,NICARAGUENSE,D46521640,51,hombre,159
441,Jose Eduardo Toro,DE BAHREIN,X53390512,19,mujer,23
442,Alejandro Patiño,SURINAMENSE,E45040981,81,hombre,247
443,Rudra Calvert,ITALIANA,I71137391,28,mujer,116
444,Hawa Escobar,SALVADOREÑA,F79421617,19,mujer,209
445,Anastazja Muir,SALVADOREÑA,Y49142948,34,mujer,157
446,Janelle Fields,ITALIANA,G23407603,52,hombre,236
447,Alfie-James Valenzuela,ARGENTINA,L21091304,38,mujer,236
448,Faiza Lynch,SALVADOREÑA,T33479289,48,mujer,107
449,Faris Cole,GUYANESA,N90362432,44,mujer,111
450,Cassia Ferreira,YUGOSLAVA,C86933224,23,hombre,23
451,Leon Benson,LIBIA,B80802581,57,mujer,190
452,Niall Skinner,BIRMANA,D17825001,24,hombre,150
453,Mira Mora,GUINEA,H63679978,49,hombre,185
454,Farhan Wood,TURCA,Q93659608,57,hombre,140
455,Cairo Durham,GAMBIANA,X23482448,45,mujer,90
456,Aqsa Broadhurst,SINGAPORENSE,Q98196295,18,mujer,231
457,Rida Berg,TANZANIANA,X57464681,20,mujer,73
458,Sonya Bray,ESTADOUNIDENSE,I43495548,18,hombre,103
459,Genevieve Yang,AUSTRALIANA,O85536062,18,hombre,172
460,Prince Knights,ZAMBIANA,P91468410,50,mujer,228
461,Peter Buxton,SOVIETICA UCRANIANA,Z79078750,25,hombre,115
462,Brogan Parra,SUDAFRICANA,A32409894,25,hombre,29
463,Kyron Bell,ALEMANA,K85877488,58,hombre,213
464,Om Bull,NIGERINA,S97519473,48,hombre,220
465,Monty Munoz,AUSTRALIANA,R40960037,44,hombre,8
466,Caitlin Craft,ISRAELI,N78261760,60,mujer,87
467,Chardonnay Moody,BURKINA FASO,F26681893,35,hombre,240
468,Ruairidh Li,TUNECINA,P69949707,41,mujer,1
469,Liyah Marsh,GUINEA,O67480281,46,mujer,124
470,Braden Edge,ZAMBIANA,K70923085,53,mujer,218
471,Javan Bowers,INDONESA,D16043388,18,mujer,121
472,Alanah Harris,KIRGUISTAN,Q63627088,60,hombre,85
473,Vivaan Small,ISRAELI,X88118097,24,mujer,196
474,Elara Christie,BHUTANESA,L50523027,24,hombre,222
475,Jasmin Hobbs,NAMIBIANA,U62431078,23,hombre,158
476,Alexandre Kenny,LIBANESA,G13942335,60,hombre,104
477,Rui Kouma,PORTUGUESA,L88429599,25,hombre,159
478,Eryk Hickman,GUINEA,M25516121,57,mujer,56
479,Renesmee Bob,BULGARA,P60808043,19,mujer,165
480,Gerald Silva,RWANDESA,Z84265346,29,mujer,33
481,Charleigh Needham,GABONESA,S60259660,20,mujer,72
482,Mehmet Velazquez,ESTONIA,B74954136,28,hombre,57
483,Zayne Mccarty,GUINEA ECUATORIANA,G62923813,29,mujer,101
484,Annabel Wainwright,TANZANIANA,O34172199,19,hombre,221
485,Inayah Ferrell,OMANESA,J21765949,50,hombre,67
486,Kendall Compton,ITALIANA,C66390103,19,mujer,5
487,Danial Raymond,LITUANIA ,K51726577,30,hombre,92
488,Abid Cash,AUSTRIACA,V63848808,20,hombre,17
489,Karishma Arnold,CHIPRIOTA,F47106596,30,hombre,232
490,Ikra Bradford,COLOMBIANA,D33421386,50,hombre,232
491,Jozef Hicks,KENIANA,V56635732,23,mujer,26
492,Conan Dowling,SURINAMENSE,H14114782,24,mujer,62
493,Aaryan Duncan,HAITIANA,W32876342,56,hombre,185
494,Rex Lane,SWAZI,Q85813779,29,hombre,212
495,Carolina Collier,REINO UNIDO,K68798616,53,hombre,29
496,Sanaya Sheppard,NAMIBIANA,D51550937,28,mujer,90
497,Kole Sims,GUYANESA,A58880299,29,hombre,38
498,Gianluca Joseph,BURUNDESA,B46132611,29,hombre,177
499,Yu Mckee,SUIZA,A65384053,20,hombre,211
500,Nevaeh Mclaughlin,ESTONIA,G80363129,47,mujer,144
501,Matei Barry,BOLIVIANA,H23554855,18,hombre,92
502,Frazer Bouvet,DE SANTO TOME,X80622536,55,mujer,120
503,Danniella Allan,TUNECINA,G39950854,48,mujer,113
504,Ava-May Turner,SAN MARINENSE,E66418744,18,hombre,187
505,Arwa Mansell,PAPUENSE,Z55136740,31,mujer,247
506,Sanya Goodman,MALDIVA,A74846755,55,mujer,187
507,Abdur Avalos,AMERICANA,S15728405,38,mujer,249
508,Tasnim Tillman,ZAMBIANA,Y74571096,33,mujer,166
509,Aeryn Salinas,GRANADINA,A48349897,53,mujer,8
510,Arjan Emerson,PAPUENSE,H34682218,46,mujer,224
511,Arman Spooner,TRINITARIA,L91040317,49,mujer,247
512,Macaulay Lucas,PARAGUAYA,K33835641,32,hombre,10
513,Blane Webber,DE SANTO TOME,Q65697920,47,hombre,237
514,Konrad Morales,SUIZA,C26918071,50,mujer,184
515,Cormac Walton,TUNECINA,A62437482,54,mujer,246
516,Gracey Moyer,SINGAPORENSE,I20962160,45,mujer,227
517,Mahir Bass,SIRIA,B42680044,48,mujer,175
518,Sanjay Beltran,INDONESA,S80959779,49,mujer,28
519,Lamar Mahoney,PARAGUAYA,L45624818,59,hombre,238
520,Sulayman Copeland,MOZAMBIQUEÑA,A18178675,38,hombre,185
521,Katelin Rogers,PANAMEÑA,Q13393131,22,hombre,75
522,Shani Tang,NICARAGUENSE,X36668136,24,hombre,242
523,Kyran Medina,ZAIRANA,V14610605,34,hombre,202
524,Ishaan Shannon,ZAIRANA,X96959151,36,hombre,61
525,Rhys Cartwright,BURKINA FASO,W38466179,47,hombre,166
526,Manveer Morin,SIERRA LEONESA,S27836168,33,hombre,145
527,Kelan Alcock,REINO UNIDO,N30210482,43,hombre,147
528,Corban Banks,CHILENA,O32022190,20,hombre,107
529,Eden Bullock,SIERRA LEONESA,D81305901,50,mujer,162
530,Ehsan Khan,PORTUGUESA,F48147569,30,mujer,134
531,Adam Lowe,NIGERINA,E64066757,47,mujer,126
532,Jaden O'Moore,NAURUANA,T51938312,59,hombre,246
533,Ferne Taylor,JORDANA,E79403161,22,hombre,114
534,Niko Clark,MALDIVA,F30439227,56,mujer,2
535,Thelma Hinton,HINDU,L24990708,18,hombre,29
536,Gideon Odling,AMERICANA,I69082391,54,mujer,157
537,Menna Kennedy,SWAZI,M96988182,29,hombre,106
538,Audrey Lugo,SAN MARINENSE,J53941814,58,hombre,236
539,Stewart Hogg,TOGOLESA,Z62544841,57,hombre,204
540,Lester Horne,BELICEÑA,O11035736,53,mujer,100
541,Cruz Sharpe,CONGOLESA,E40496740,55,mujer,186
542,Roosevelt Strong,ARGELIANA,Y88222031,39,mujer,156
543,Meerab Lam,HONDUREÑA,E79645360,45,hombre,8
544,Ellouise Kumar,ZAMBIANA,N21135692,48,mujer,166
545,Annabella Feeney,CHECOSLOVACA,Q76501795,48,hombre,63
546,Chyna Oakley,BAHAMEÑA,H82954679,38,hombre,7
547,Ffion Foreman,LIBANESA,L58021595,53,hombre,143
548,Zakariah Rudd,GRIEGA,I76454232,47,hombre,117
549,Mateo Suarez,MICRONECIA,V86328246,28,hombre,99
550,Jaxx Howell,PAPUENSE,Q46352405,21,hombre,140
551,Lynda Boone,MARFILEÑA,S83257879,44,mujer,224
552,Anam Archer,CANADIENSE,C18313949,25,mujer,10
553,Jakub Rogers,LITUANIA ,I68520250,27,hombre,237
554,Mohamad Frye,NEPALESA,V33539473,23,hombre,71
555,Morris Burn,AFGANA,P99072944,34,mujer,171
556,Seb Kline,DE BAHREIN,X30500718,19,hombre,54
557,Tarik Underwood,LIECHTENSTENSE,Q86390973,34,hombre,178
558,Faye Lancaster,BIRMANA,O73308422,35,mujer,175
559,Leonie Camacho,URUGUAYA,V93679476,44,mujer,96
560,Vinny Simon,KIRGUISTAN,V52367061,25,mujer,128
561,John-Paul Donnelly,SWAZI,K97020636,39,mujer,63
562,Mikail Russo,BRITANICA,I12411703,23,hombre,236
563,Rubie Nicholls,LIECHTENSTENSE,B56479004,28,hombre,36
564,Lynn Werner,SIRIA,E88841911,49,mujer,246
565,Zena Lara,ALEMANA,K36045796,34,hombre,205
566,Javan Guthrie,ZAMBIANA,N15890939,31,mujer,245
567,Tabatha Draper,RUMANA,C25202479,56,hombre,50
568,Aaliyah Weir,SUDANESA,Z35633074,40,hombre,232
569,Lexi-Mae Hodgson,BOLIVIANA,Z82216665,59,hombre,175
570,Oriana Connelly,FRANCESA,L48871263,29,mujer,232
571,Amari Mccarthy,REINO UNIDO,M54013650,18,hombre,182
572,Geraldine Richard,MARROQUI,K61351886,36,mujer,40
573,Ashwin Whiteley,MAURITANA,L16160620,41,mujer,27
574,Mathilde Winter,ZAIRANA,Y32862609,28,mujer,20
575,Phillippa Deleon,HOLANDESA,A64832941,21,mujer,110
576,Kadeem Sanderson,URUGUAYA,W45620852,37,hombre,11
577,Manon Coffey,IRLANDESA,C28372030,42,hombre,53
578,Francis Olson,LIECHTENSTENSE,A60998883,50,mujer,89
579,Sameera Owens,GABONESA,I81031745,38,hombre,162
580,Shanaya Holmes,SINGAPORENSE,W14792062,52,hombre,156
581,Fannie Conley,JAPONESA,Y74602262,21,mujer,128
582,Denise Fleming,PARAGUAYA,K18727103,35,mujer,180
583,Chanice Mill,MONEGASCA,T28185187,56,mujer,12
584,Arman Lynch,CANADIENSE,U44749976,27,hombre,189
585,Brody Derrick,LIBANESA,R83861025,49,hombre,201
586,Leslie Clements,NAURUANA,V77041067,48,mujer,127
587,Clare Corbett,SUIZA,S44521362,21,mujer,203
588,Sam Pritchard,GUINEA ECUATORIANA,Y41672518,26,hombre,207
589,Ajwa Cash,ETIOPE,L49696680,43,hombre,13
590,Axel Bouvet,URUGUAYA,R60771433,55,mujer,230
591,Haroon Adams,BRITANICA,G47760865,22,hombre,56
592,Carolyn Huffman,MEXICANA,D17614969,46,hombre,220
593,Willow Mcarthur,FINLANDESA,S88342155,38,hombre,63
594,Rickie Dowling,DOMINICA,M58022489,35,mujer,243
595,Nial Hansen,DANESA,Q99206484,44,mujer,248
596,Yasmine Ireland,CHINA,S28706627,20,mujer,79
597,Oliver Dalton,AFGANA,W40357500,59,mujer,123
598,Abraham Bradley,ALEMANA,W96247840,35,mujer,13
599,Cally Plant,HINDU,F39203452,23,mujer,91
600,Lois Cain,BOLIVIANA,X70165362,56,hombre,233
601,Tashan Fox,GUINEA,P47747927,42,mujer,237
602,Emmanuella Ellison,MALDIVA,F37567930,23,mujer,194
603,Leonard Mcnally,NORVIETNAMITA,U82113441,48,mujer,89
604,Quinn Novak,SINGAPORENSE,D94008374,49,hombre,176
605,Raphael Mcdowell,SUECA,Z15182407,32,mujer,0
606,Adnaan Bateman,SIRIA,D31735637,18,mujer,210
607,Ingrid Barlow,BOTSWANESA,M17626975,43,hombre,86
608,Uwais Boyce,NIGERIANA,K87304932,27,mujer,199
609,Luca Greenaway,NICARAGUENSE,N12187519,46,mujer,105
610,Natan Dillard,MALDIVA,Z89512901,29,hombre,221
611,Anthony Gallegos,MEXICANA,S69458680,42,hombre,98
612,Frank Brennan,REINO UNIDO,E91188282,18,mujer,82
613,Carina Emerson,MALIENSE,K54292700,41,mujer,101
614,Dawood Neal,MALASIA,J78675367,23,hombre,64
615,Katharine Kent,GAMBIANA,Z90514972,31,mujer,65
616,Sumayyah Whitley,LIBIA,M25319500,43,hombre,126
617,Nida Blackmore,ETIOPE,D47993586,40,hombre,164
618,Fearne Truong,SUECA,W59997661,26,hombre,240
619,Mahamed Pittman,ZAIRANA,C98273001,58,hombre,32
620,Lukasz Morse,AFGANA,W35851913,54,hombre,57
621,Lincoln Coles,TAILANDESA,Z56387527,19,hombre,138
622,Divine Abbott,CUBANA,O82905218,50,hombre,248
623,Iosif Hampton,MONEGASCA,Y90687489,52,hombre,201
624,Abdullah Mahoney,NORCOREANA,B98135751,38,hombre,218
625,Shanelle Stark,SURINAMENSE,J77542518,36,hombre,75
626,Arianna Potts,ESTONIA,J85522033,53,hombre,43
627,Tate Wilder,ISRAELI,F20918635,39,hombre,114
628,Caleb Lindsey,BHUTANESA,P24887858,53,hombre,230
629,Naveed Bean,REINO UNIDO,S92299080,60,mujer,157
630,Che Carr,MONGOLESA,I95587135,23,mujer,183
631,Holly Sharpe,ESPAÑOLA,S73768257,19,mujer,18
632,Cecilia Sparks,RUMANA,N22206250,50,mujer,231
633,Faith Williamson,MOZAMBIQUEÑA,T26344182,51,hombre,141
634,Sid Rayner,SIERRA LEONESA,O24070749,55,mujer,211
635,Faizan Mueller,SOVIETICA UCRANIANA,X57831524,41,hombre,17
636,Karol Curtis,HINDU,F63424480,44,hombre,16
637,Dione Britton,ZAMBIANA,P46096512,26,mujer,165
638,Humza O'Gallagher,TANZANIANA,K79125351,52,hombre,31
639,Ceara Holloway,DOMINICA,Z33119712,57,mujer,45
640,Jimmy Cook,BRITANICA,D72943469,42,mujer,247
641,Susannah Dominguez,PAKISTANI,E94910524,44,hombre,233
642,Mehak Savage,ARGELIANA,M99657407,39,hombre,140
643,Pascal Burrows,CHINA,M20646516,60,mujer,84
644,Robin Duggan,BRASILEÑA,M47185694,42,mujer,177
645,Monet Bob,OMANESA,I54761065,42,mujer,131
646,Kristin Mayer,BHUTANESA,H13591949,41,mujer,168
647,Lynden Calhoun,BRASILEÑA,Z66164439,53,hombre,38
648,Nisha Cornish,REINO UNIDO,J50021010,37,hombre,131
649,Eloise Woodward,MALDIVA,E15185649,21,hombre,69
650,Liberty Donnelly,YEMENI,S32417613,43,hombre,84
651,Latisha Kane,TAIWANESA,X18788354,44,mujer,210
652,Sapphire Mccullough,ARGENTINA,P18069029,57,hombre,248
653,Lavinia Lord,NICARAGUENSE,P90664949,50,mujer,51
654,Fintan Lester,VATICANA,D47817041,40,mujer,142
655,Mateusz Gibbons,DE CABO VERDE,K93206420,42,hombre,204
656,Sammy-Jo Navarro,CHADIANA,Z87201344,55,mujer,183
657,Ayse Parks,DE BAHREIN,N19156231,38,hombre,5
658,Lindsay Allison,HAITIANA,E70683335,36,mujer,22
659,Avery Mcgee,ISLANDESA,Y25124393,60,mujer,161
660,Madeeha Newton,CANADIENSE,T27955220,41,mujer,11
661,Merryn Pritchard,RWANDESA,Q84386005,27,hombre,126
662,Phillip Russo,CANADIENSE,H24424611,49,mujer,72
663,Arda Kay,PAKISTANI,M43509483,28,mujer,159
664,Krish Wright,GRIEGA,Z49567606,59,mujer,242
665,Siena Mcbride,DE BAHREIN,C35766555,58,hombre,124
666,Gus Chadwick,BELICEÑA,P57862554,27,mujer,191
667,Tyriq Guerrero,BELGA,I64191003,54,mujer,76
668,Rajan Blankenship,LAOSIANA,R45462112,59,hombre,228
669,Marc Rasmussen,GUINEA,A36567974,33,mujer,118
670,Ephraim Mcmillan,MALASIA,Z66375480,52,mujer,133
671,Davina Whittaker,CAMERUNESA,O83116410,51,hombre,39
672,Giovanni Goddard,FRANCESA,B19274682,48,hombre,101
673,Jai Riley,ARGENTINA,A13377207,46,hombre,151
674,Isaak Farrell,AUSTRALIANA,Z63638604,55,mujer,85
675,Ernest Reid,ARGELIANA,T12018876,26,mujer,13
676,Sia Decker,ZAMBIANA,Q61647603,39,hombre,161
677,Vincenzo Hopper,GUYANESA,J46520579,33,hombre,216
678,Irene Brewer,NORCOREANA,C10485898,39,hombre,132
679,Elijah Bloom,DE ZIMBAWI,Q18294063,18,mujer,218
680,August Gallegos,EGIPCIA,G96255344,52,mujer,39
681,Rhydian Mclaughlin,KENIANA,Y82611727,23,hombre,198
682,Lorcan Cousins,TRINITARIA,B70998108,43,hombre,240
683,Angelina Frey,BHUTANESA,V39821498,59,mujer,132
684,Nada Drake,MAURICIANA,X78500905,40,mujer,106
685,Taybah Dalton,ARABE,K58266428,40,mujer,116
686,Mariyah Beasley,SINGAPORENSE,T10711406,47,mujer,170
687,Rimsha Timms,BOTSWANESA,F84924809,43,mujer,89
688,Haseeb Ortega,LIBANESA,Z40312357,48,hombre,21
689,Pheobe Fields,GABONESA,C93047721,33,hombre,69
690,Kaia Klein,REINO UNIDO(BRIT. DEL EXT.),W35870244,19,mujer,236
691,Cinar Long,RUMANA,O89361249,53,hombre,181
692,Lorna John,BURUNDESA,T15488548,60,hombre,163
693,Dorothy Dowling,GHANATA,X33411778,24,hombre,109
694,Ida Reese,SANTA LUCIENSE,L15587056,34,mujer,88
695,Onur Donald,JORDANA,X57433646,54,mujer,0
696,Reis Browning,ESLOVENIA,E12552527,33,hombre,74
697,Eilidh Wilde,MAURICIANA,U14642137,25,mujer,149
698,Veer Cameron,LESOTHENSE,Z93784881,40,hombre,246
699,Brett Hanson,MALDIVA,N61633512,53,mujer,236
700,Finnlay Flower,MALAWIANA,L73186764,31,mujer,18
701,Micheal Weaver,REINO UNIDO,O35132654,53,mujer,42
702,Nicola Shah,NIGERINA,F85234179,43,mujer,219
703,Anais Hester,YEMENI,L32090593,41,mujer,163
704,Nicholas Brett,GUINEA,Z89529699,49,mujer,223
705,Pippa Matthews,JAMAIQUINA,I71720626,41,hombre,73
706,Jaya Roche,MOZAMBIQUEÑA,S79293181,22,mujer,37
707,Abdi Brock,TURCA,F53285291,47,hombre,59
708,Fahmida Watts,IRAQUI,F32873083,56,mujer,110
709,Sufyaan Nielsen,IRANI,C29330794,28,mujer,240
710,Tyreke Hayward,GUINEA ECUATORIANA,J30532761,43,mujer,202
711,Arissa Montes,PORTUGUESA,X26302462,36,hombre,61
712,Rami Stone,ALEMANA,X38649807,23,mujer,149
713,Maximilian Phan,IRLANDESA,E74168818,23,hombre,199
714,Ariyah Perry,SAMOANA,X23977739,39,mujer,87
715,Gaia Howard,GUINEA,B47807991,55,hombre,188
716,Kaden Robins,SAN MARINENSE,Y14343891,20,mujer,57
717,Nikita Sutton,SUDANESA,Y39134822,32,mujer,36
718,Cydney Brandt,PUERTORRIQUEÑA,P29941553,32,mujer,213
719,Safia Olson,AUSTRIACA,M94150341,43,mujer,146
720,Keyan Bull,HUNGARA,X72217433,53,hombre,13
721,Eddison Quintero,HUNGARA,B29318470,34,hombre,221
722,Youssef Merrill,MALASIA,G70168526,41,mujer,96
723,Aleisha Duffy,KUWAITI,B28202618,50,hombre,205
724,Taylor Sexton,DE ZIMBAWI,Q93070405,24,mujer,156
725,Jett Mann,JAPONESA,Q97899872,56,mujer,118
726,Ocean Wooten,SWAZI,A12227676,53,hombre,10
727,Scarlett-Rose Pratt,AUSTRIACA,Y65232120,36,hombre,114
728,Tj Mackie,ARGELIANA,I77961063,44,mujer,216
729,Mariella Fleming,SAN MARINENSE,U84132444,29,mujer,2
730,Ruairidh Dodd,LAOSIANA,Y51646668,28,hombre,244
731,Josie Everett,MARROQUI,I29425737,46,hombre,51
732,Virginia Appleton,NORVIETNAMITA,N27037176,18,hombre,229
733,Trey Henson,GUYANESA,B59049054,54,hombre,224
734,Manisha Rollins,MOLDOVIA,Y74131374,29,mujer,65
735,Demi-Leigh Riggs,MONEGASCA,O38200990,50,hombre,140
736,Mason Booker,MOLDOVIA,Q68510886,21,hombre,249
737,Abel Frye,SALOMONESA,D42378846,33,hombre,33
738,Marlene Alfaro,CHECOSLOVACA,E33644858,58,mujer,183
739,Raphael Stott,RUMANA,N70038783,26,mujer,130
740,Safiyyah Salinas,TAIWANESA,O69610901,38,hombre,45
741,Nichola Thompson,MALAWIANA,D62098041,48,hombre,210
742,Evie Payne,LAOSIANA,V98816399,43,hombre,216
743,Imani Cleveland,MALIENSE,P40582910,20,mujer,196
744,Vivaan Walsh,LIBIA,D21950879,55,hombre,192
745,Julie Mora,DE BARBADOS,G11145132,20,hombre,40
746,Sherri Kendall,ISRAELI,M89928461,22,mujer,133
747,Tamera Sutton,GRANADINA,S88813565,55,hombre,238
748,Skye Sherman,PORTUGUESA,Y98611000,44,mujer,220
749,Tyrique Page,HAITIANA,Z97917226,32,mujer,232
750,Juliette Schroeder,AUSTRALIANA,J21247265,23,hombre,56
751,Norman Preece,VENEZOLANA,T27239003,19,mujer,27
752,Hamish Bradshaw,MACEDONIA,S25615690,50,hombre,218
753,Cecily Forster,LESOTHENSE,J40055799,44,mujer,199
754,Kirsten Naylor,DE SEYCHELLES,B82825000,26,mujer,114
755,Callam Bateman,MARFILEÑA,I78773658,32,mujer,127
756,Chantal Gay,PORTUGUESA,G63132325,55,mujer,98
757,Mira Sinclair,NAMIBIANA,Q20115795,51,mujer,228
758,Lilly-Ann Donnelly,GUINEA,N40736646,35,mujer,171
759,Ryker Sanders,SALVADOREÑA,J19118659,20,hombre,217
760,Siena Beltran,TOGOLESA,N72848681,25,mujer,29
761,Helen Millar,PARAGUAYA,M81883007,60,hombre,77
762,Lyra Jefferson,FILIPINA,W97686532,35,mujer,49
763,Lilianna Forrest,MALAWIANA,L38252134,49,hombre,108
764,Rikki Marsden,PAKISTANI,A93142339,28,hombre,79
765,Baran Bostock,OMANESA,V30633569,50,hombre,33
766,Lorenzo Munro,GRIEGA,X78631717,43,mujer,94
767,Dalton Cooke,CHILENA,C35048470,43,hombre,135
768,Tommy Villalobos,BELGA,V22598195,21,hombre,186
769,Keiron Simon,ESLOVACA,G48835759,24,hombre,27
770,Esme Ahmad,CHIPRIOTA,N72357505,39,hombre,93
771,Reanne Key,CUBANA,P80848048,53,mujer,77
772,Orla Searle,DE CABO VERDE,A35915899,48,mujer,212
773,Jamie-Leigh Harris,BURUNDESA,Q62676510,58,mujer,65
774,Niamh English,IRANI,Z42240808,52,mujer,187
775,Yousaf Buck,RUMANA,B23944895,51,mujer,136
776,Shanice Broughton,KUWAITI,T23186694,27,hombre,146
777,Kalvin Colon,MOZAMBIQUEÑA,G18703906,51,hombre,102
778,Gurdeep Tillman,SOVIETICA UCRANIANA,F99398248,31,mujer,85
779,Maureen Rice,SUDCOREANA,A20353052,42,hombre,52
780,Ishaaq Huang,LIBANESA,A45029251,36,mujer,230
781,Talha Wood,EGIPCIA,H78350811,18,hombre,13
782,Dua Alvarado,MALTESA,E27955039,55,hombre,233
783,Maurice Lennon,SIERRA LEONESA,H93634331,49,mujer,17
784,Neo Weber,YUGOSLAVA,Y90954287,47,hombre,69
785,Abbie Cook,PAKISTANI,M23386049,38,mujer,170
786,Arian Conway,SUDCOREANA,H66406299,54,hombre,122
787,Jay Vance,GRIEGA,O49832802,32,hombre,133
788,Ayaz O'Connor,DOMINICA,N27371073,56,mujer,160
789,Ailsa Howells,COSTARRICENSE,T62778068,27,mujer,232
790,Harlee Black,NORVIETNAMITA,F23647465,27,mujer,245
791,Konrad Mccallum,MACEDONIA,X50057717,27,hombre,82
792,Reyansh Mair,COMORENSE,B29750444,25,hombre,42
793,Ember Stein,BULGARA,D12791743,21,mujer,82
794,Malachy Armitage,ESLOVAQUIA,A88205453,55,hombre,101
795,Sullivan Nelson,MOZAMBIQUEÑA,Q67129817,23,hombre,227
796,Summer Shannon,ESTADOUNIDENSE,M18404455,44,mujer,54
797,Tia Barber,BIRMANA,U64582622,27,mujer,58
798,Mohamad Mcghee,SENEGALESA,A13756920,27,mujer,174
799,Oliwia Mcgregor,BULGARA,F96180559,50,hombre,217
800,Elisa Greaves,BOTSWANESA,Z43356349,44,hombre,203
801,Reilly Mansell,MONGOLESA,E64584693,39,hombre,163
802,Rogan Whittaker,GABONESA,T40011963,46,hombre,151
803,Fiona Smart,SUECA,N24130204,59,mujer,242
804,Alexandre Ramsey,BAHAMEÑA,X28016364,41,mujer,33
805,Roseanne Mclellan,CHIPRIOTA,O91091325,45,hombre,227
806,Danial Hammond,SURINAMENSE,F93287822,27,hombre,127
807,Sonya Schofield,REINO UNIDO,S51168316,23,mujer,10
808,Luke Sloan,AUSTRIACA,W10879874,56,hombre,135
809,Samara Noel,NIGERINA,A80460006,49,mujer,192
810,Nora Moody,MALASIA,R41844825,48,mujer,111
811,Zaki Novak,KUWAITI,E79687833,28,hombre,197
812,Philippa Grimes,BHUTANESA,P85252432,25,mujer,243
813,Jorden Cohen,TRINITARIA,F22133064,42,mujer,237
814,Mica Carney,REINO UNIDO,I79816052,38,mujer,240
815,Renae Driscoll,ARABE,F15606774,59,hombre,223
816,Yu Parks,SALOMONESA,J85158921,37,mujer,95
817,Harper-Rose Mcdermott,MAURICIANA,J49932003,32,hombre,45
818,Tyrone Burrows,EGIPCIA,Z41415201,31,mujer,241
819,Candice Worthington,ANGOLESA,V82748771,48,mujer,238
820,Shiv Delacruz,ISRAELI,G42264201,47,hombre,204
821,Christy Nichols,GHANATA,H12580038,37,hombre,113
822,Stephanie Easton,DE CABO VERDE,K21206986,23,mujer,125
823,Yvie Dickerson,PARAGUAYA,L96528062,24,hombre,117
824,Maxwell Bonner,ETIOPE,R13259256,60,mujer,40
825,Wesley Salinas,NAMIBIANA,U55029003,44,hombre,87
826,Clementine Wong,HUNGARA,R80620598,20,hombre,236
827,Ivy-Rose Cox,SOVIETICA UCRANIANA,M94672986,37,hombre,212
828,Sohaib Hughes,ZAMBIANA,K96345331,60,mujer,163
829,Katharine Woodward,SURINAMENSE,Y10691944,41,hombre,187
830,Masuma Ochoa,NAMIBIANA,V71727680,38,mujer,237
831,Sherry Neale,SWAZI,H70172532,54,mujer,128
832,Ioana Henry,MALASIA,M34438638,23,hombre,217
833,Khloe Allman,BOTSWANESA,X41083377,54,hombre,139
834,Eliott Lord,HONDUREÑA,Z29753329,26,mujer,182
835,Kimora Samuels,KIRGUISTAN,I21191197,59,hombre,232
836,Alessandro Ratcliffe,SURINAMENSE,X30743906,57,mujer,45
837,Bartlomiej Mustafa,MOLDOVIA,U22812889,42,mujer,139
838,Kyran Byrne,ISRAELI,H65607751,45,mujer,195
839,Dorothy Oliver,COMORENSE,P45567469,27,hombre,217
840,Ruby-Rose Watkins,AUSTRALIANA,D57220935,58,hombre,64
841,Aimee Talley,DEL QATAR,N14440735,45,hombre,8
842,Suman Bowers,MARFILEÑA,J42130573,50,mujer,85
843,Aniela Kavanagh,BELGA,O30083178,53,mujer,54
844,Bridget Davie,DE BENNIN,H96503201,28,mujer,32
845,Jovan Shaw,GRANADINA,V53011633,26,mujer,163
846,Isabell Grant,HUNGARA,Z91402180,47,mujer,149
847,Zidan Blevins,YUGOSLAVA,U56400510,53,mujer,231
848,Divine Johns,VENEZOLANA,M26162664,53,hombre,192
849,Giorgio Nichols,COMORENSE,W95912967,27,mujer,205
850,Celyn Denton,SUDANESA,E69489272,57,mujer,178
851,Hawa Munoz,ITALIANA,Z60642302,50,hombre,100
852,Sayed Mclellan,ALEMANA,I37009570,31,mujer,155
853,Melina Mcdougall,CHINA,O87585409,21,mujer,32
854,James Conroy,KUWAITI,P29784354,56,hombre,223
855,Armani Thatcher,BELICEÑA,R69266668,33,mujer,13
856,Maleeha Humphrey,YUGOSLAVA,Y96356672,52,mujer,23
857,Sana O'Quinn,FIJIANA,S99222087,47,hombre,14
858,Amiee Mccabe,LIBERIANA,F92230103,28,mujer,138
859,Hamza Norman,NIGERINA,X99535805,58,hombre,37
860,Ellie-Mae Forbes,ANGOLESA,A17458556,27,mujer,177
861,Lily-Ann Bartlett,NIGERIANA,A63197353,22,mujer,61
862,Riley-Jay Amos,DE BAHREIN,H67779322,42,mujer,196
863,Lacie Hagan,NEPALESA,T53145285,33,mujer,96
864,Fatima Santiago,HINDU,T38670415,21,mujer,86
865,Rosemary Kelly,ESPAÑOLA,Z86946890,57,mujer,175
866,Aislinn Marsden,UGANDESA,R79699202,51,hombre,15
867,Ellie-Mai Clarkson,BRASILEÑA,A72804905,36,mujer,71
868,Sohaib Huber,TAILANDESA,F64787242,39,hombre,59
869,Robson Espinosa,ESLOVACA,J99000804,41,hombre,108
870,Safia Bush,LAOSIANA,S14846993,40,hombre,232
871,Tyreece Wardle,SALVADOREÑA,X32364020,55,mujer,29
872,Ashley Rangel,HINDU,Q12318202,38,hombre,229
873,Corbin Cole,MONEGASCA,C73677021,39,mujer,248
874,Khia Mayer,SWAZI,F50325936,58,hombre,204
875,Buster Mueller,HOLANDESA,X71049717,20,mujer,65
876,Leyla Le,DOMINICANA,B51685962,56,mujer,220
877,Zayn Campbell,ESPAÑOLA,J82990773,27,hombre,82
878,Arjan Ho,CAMBOYANA,P95013838,23,hombre,100
879,Donnell Riley,GUYANESA,J21925151,30,mujer,161
880,Stephan Slater,LIBANESA,O31533601,52,mujer,36
881,Reema Andrews,IRAQUI,D43657420,23,hombre,98
882,Fredrick Prosser,ISLANDESA,V74599183,30,mujer,238
883,Andrea Moyer,DOMINICA,I76997138,22,hombre,186
884,Giuseppe English,NICARAGUENSE,G35388553,57,hombre,90
885,Jonathan Calderon,DE BAHREIN,M49254736,49,mujer,214
886,Yannis Mcneil,SURINAMENSE,K91217782,52,hombre,196
887,Levi Piper,ITALIANA,C65927166,18,mujer,203
888,Kenzie Cairns,SALVADOREÑA,V62701196,27,hombre,30
889,Aimee Smyth,SALVADOREÑA,X18112744,29,mujer,136
890,Shamima Farley,ITALIANA,O58652792,36,hombre,174
891,Lucille Peterson,ARGENTINA,W75934842,57,hombre,212
892,Sierra England,SALVADOREÑA,F52377248,41,mujer,18
893,Alexandros Burris,GUYANESA,X55853585,23,hombre,69
894,Campbell Newman,YUGOSLAVA,Z80736127,58,hombre,231
895,Haley Koch,LIBIA,S33034970,18,hombre,48
896,Bryce Chase,BIRMANA,A39408361,44,mujer,202
897,Isabella Morley,GUINEA,Y34927784,37,mujer,235
898,Simone Short,TURCA,S50684947,38,mujer,152
899,Naima Khan,GAMBIANA,O54358606,26,mujer,166
900,Jamil Buck,SINGAPORENSE,H54615218,27,mujer,81
901,Justine Dejesus,TANZANIANA,S31733660,24,mujer,83
902,Maximus Cross,ESTADOUNIDENSE,F46464053,31,mujer,48
903,Marcelina Mustafa,AUSTRALIANA,D18354051,38,mujer,84
904,Yusra Melendez,ZAMBIANA,U55970091,33,mujer,37
905,Ottilie Woods,SOVIETICA UCRANIANA,P27827307,19,mujer,94
906,Kerri Mcknight,SUDAFRICANA,I42289426,35,hombre,183
907,Jonas Lyon,ALEMANA,X42602283,50,mujer,131
908,Ella-Mae Garrett,NIGERINA,J70638698,45,hombre,20
909,Ishmael Lowery,AUSTRALIANA,Q52984942,53,mujer,219
910,Anabella Bernal,ISRAELI,C65457150,26,hombre,161
911,Anya Molloy,BURKINA FASO,B12102277,34,hombre,131
912,Arlene Mccall,TUNECINA,R36542696,29,hombre,115
913,Derrick Fischer,GUINEA,U75846430,49,hombre,1
914,Suman Bassett,ZAMBIANA,Q21978409,40,hombre,87
915,Oriana Greer,INDONESA,A35412411,42,hombre,249
916,Bryson Conner,KIRGUISTAN,N15204505,39,mujer,214
917,Nabil Bannister,ISRAELI,V83493745,41,hombre,13
918,Haroon Fuentes,BHUTANESA,W33218972,57,mujer,153
919,Asif Mcleod,NAMIBIANA,L18407159,37,mujer,126
920,Hajra Xiong,LIBANESA,L23863806,27,mujer,53
921,Eleanor Jennings,PORTUGUESA,R15288294,43,mujer,236
922,Artur Sheldon,GUINEA,I77626067,30,mujer,28
923,Alicja Eaton,BULGARA,O97756669,33,mujer,246
924,Lloyd Rodriguez,RWANDESA,B84828733,25,mujer,156
925,Teddy Franks,GABONESA,N23661643,55,mujer,109
926,Aaran Strickland,ESTONIA,F77004838,51,hombre,56
927,Tamsin Mason,GUINEA ECUATORIANA,K26342479,29,hombre,105
928,Mazie Graves,TANZANIANA,P96121902,32,hombre,100
929,Olaf Bass,OMANESA,L93766595,26,mujer,80
930,Ammaarah Dunn,ITALIANA,O94115116,57,mujer,50
931,Zayne Molina,LITUANIA ,R52037583,48,mujer,218
932,Una Nava,AUSTRIACA,L32170098,22,hombre,247
933,Bruce Harvey,CHIPRIOTA,I96186288,22,hombre,207
934,Esha Stanton,COLOMBIANA,H57458041,39,hombre,57
935,Malika Mcdowell,KENIANA,P26853787,24,mujer,18
936,Angelika Hughes,SURINAMENSE,V83519026,49,mujer,243
937,Inaaya Mcloughlin,HAITIANA,E97357087,46,hombre,143
938,Kayden Wallace,SWAZI,G29996010,54,hombre,34
939,Jozef Lutz,REINO UNIDO,V79528193,49,mujer,49
940,Annette Carrillo,NAMIBIANA,J78794922,26,mujer,101
941,Raheem Jeffery,GUYANESA,O32046885,33,hombre,227
942,Belle Seymour,BURUNDESA,B32830447,56,mujer,196
943,Adelina Russo,SUIZA,U78869014,21,mujer,44
944,Jason Mclellan,ESTONIA,N47830661,41,mujer,207
945,Kailum Barajas,BOLIVIANA,N57463405,30,hombre,80
946,Inez Edge,DE SANTO TOME,N73457430,40,hombre,244
947,Anas Kelley,TUNECINA,E88586949,31,mujer,183
948,Amisha Alexander,SAN MARINENSE,R85941940,19,hombre,134
949,Guy Buck,PAPUENSE,K59985719,24,hombre,117
950,Nuha Denton,MALDIVA,R80128056,28,mujer,10
951,Jed Chaney,AMERICANA,O93478493,25,mujer,109
952,Caine Vincent,ZAMBIANA,S43682122,45,hombre,110
953,Teagan Talbot,GRANADINA,T61541071,25,hombre,6
954,Maison Porter,PAPUENSE,W65903638,21,hombre,93
955,Estelle Espinosa,TRINITARIA,F85340053,42,hombre,26
956,Misty Castro,PARAGUAYA,V47623520,35,hombre,231
957,Ikrah Coombes,DE SANTO TOME,B91567090,18,hombre,139
958,Safah Corona,SUIZA,H65039062,46,hombre,32
959,Abiha Yates,TUNECINA,N56827086,56,hombre,197
960,Camden Felix,SINGAPORENSE,J79148345,51,mujer,201
961,Emily Raymond,SIRIA,J57103112,18,mujer,33
962,Elisa Senior,INDONESA,E10665532,34,mujer,82
963,Elleanor Wharton,PARAGUAYA,Y38214748,57,mujer,131
964,Michael Monaghan,MOZAMBIQUEÑA,Z49744602,19,hombre,89
965,Riccardo Rossi,PANAMEÑA,E37918298,29,mujer,240
966,Keeva Turner,NICARAGUENSE,U73863082,20,mujer,22
967,Nimra Leblanc,ZAIRANA,B42748133,60,hombre,247
968,Frederic Mclaughlin,ZAIRANA,G63019362,31,hombre,229
969,Heidi Salgado,BURKINA FASO,Y13887486,31,mujer,146
970,Naveed Berg,SIERRA LEONESA,Y60714035,41,mujer,169
971,Storm Church,REINO UNIDO,L79362037,45,mujer,187
972,Michelle Woods,CHILENA,R71631410,55,mujer,38
973,Jayden-James Frank,SIERRA LEONESA,Y63238936,53,hombre,157
974,Maisey Crane,PORTUGUESA,Z19818355,23,hombre,29
975,Halima Mcgill,NIGERINA,P96246533,33,hombre,238
976,Wilfred Kerr,NAURUANA,O17350446,44,hombre,176
977,Milan Sloan,JORDANA,R20560879,43,mujer,129
978,Mina Bowler,MALDIVA,E89642588,30,hombre,34
979,Yasmeen Drake,HINDU,Y38202128,37,mujer,11
980,Zayn Esparza,AMERICANA,U68302750,32,hombre,128
981,Adnaan Pennington,SWAZI,D16503919,39,hombre,30
982,Cain Penn,SAN MARINENSE,D60569791,30,hombre,97
983,Kavan Markham,TOGOLESA,D33245413,40,hombre,138
984,Bayley Howard,BELICEÑA,U51326521,29,hombre,220
985,Lara Langley,CONGOLESA,M87243701,42,hombre,115
986,Brent Jefferson,ARGELIANA,Q56934513,42,mujer,60
987,Cooper Potts,HONDUREÑA,S87800491,19,mujer,80
988,Norman Byers,ZAMBIANA,J73277195,22,hombre,109
989,Ajay Crosby,CHECOSLOVACA,M68274916,42,mujer,100
990,Wilson Wang,BAHAMEÑA,F71928610,48,hombre,172
991,Eamon West,LIBANESA,Y66004137,50,mujer,144
992,Katya Fuentes,GRIEGA,A78888327,19,mujer,23
993,Irving Le,MICRONECIA,L35431609,42,mujer,17
994,Hadi Booth,PAPUENSE,H50643080,31,mujer,4
995,Jenna Carrillo,MARFILEÑA,X53133900,36,mujer,174
996,Nikolas Delaney,CANADIENSE,H74068805,31,mujer,95
997,Lily-Anne Glenn,LITUANIA ,B51353951,48,mujer,166
998,Francesco Moore,NEPALESA,R18693239,41,hombre,10
999,Devon Payne,AFGANA,O36283117,39,mujer,1
1000,Lenny Clemons,DE BAHREIN,J81575463,43,hombre,129
1001,Mariya Mclean,LIECHTENSTENSE,Z69240469,54,mujer,166
1002,Guto Carson,BIRMANA,B10817169,26,mujer,47
1003,Lina Esquivel,URUGUAYA,R69125328,56,hombre,204
1004,Ayomide Wagstaff,KIRGUISTAN,U33904694,18,mujer,58
1005,Brielle Riley,SWAZI,M92704998,56,mujer,216
1006,Mateusz Tate,BRITANICA,B72428673,18,mujer,78
1007,Atif Montoya,LIECHTENSTENSE,J74976103,20,mujer,223
1008,Izzy Hills,SIRIA,P21995042,53,hombre,52
1009,Gabija Cuevas,ALEMANA,P77623009,51,mujer,132
1010,Aila Rojas,ZAMBIANA,X30944725,35,mujer,237
1011,Kairon Malone,RUMANA,L83397600,51,mujer,200
1012,Jaeden Whiteley,SUDANESA,S52043058,59,hombre,6
1013,Manuel Frazier,BOLIVIANA,R10696961,23,mujer,154
1014,Cerys Villanueva,FRANCESA,L14254290,30,mujer,110
1015,Arlene Shepherd,REINO UNIDO,Q31063128,37,hombre,88
1016,Marcie Ventura,MARROQUI,V80767010,25,mujer,85
1017,Rebeca Ortega,MAURITANA,S54680341,39,mujer,180
1018,Tyreece Ferry,ZAIRANA,F93138076,54,mujer,123
1019,Anisha Thompson,HOLANDESA,I10840953,58,hombre,192
1020,Dulcie Dougherty,URUGUAYA,W74949936,36,mujer,54
1021,Israr Merrill,IRLANDESA,E76672820,38,mujer,47
1022,Aliya Busby,LIECHTENSTENSE,J57417491,55,mujer,222
1023,Chandni Lee,GABONESA,U69216120,20,mujer,116
1024,Abubakar Kennedy,SINGAPORENSE,W70368576,54,hombre,203
1025,Aran Mcknight,JAPONESA,H32689676,28,mujer,88
1026,Braydon Love,PARAGUAYA,T55172433,24,hombre,222
1027,Jose Atkinson,MONEGASCA,A92262054,50,hombre,90
1028,Lillie-Mai Strong,CANADIENSE,N10030016,26,hombre,66
1029,Nichole Sampson,LIBANESA,T57932954,18,hombre,196
1030,Wendy Juarez,NAURUANA,C70753523,54,hombre,96
1031,Katrina Dorsey,SUIZA,M14941761,35,hombre,99
1032,Rupert Trejo,GUINEA ECUATORIANA,H52524359,59,hombre,202
1033,Damian Ingram,ETIOPE,K38325752,56,hombre,163
1034,Kajal Mohammed,URUGUAYA,X27438159,54,hombre,131
1035,Danyaal Chen,BRITANICA,E50678953,27,hombre,107
1036,Ashanti Knowles,MEXICANA,W31450399,32,mujer,102
1037,Abubakr Kane,FINLANDESA,I67572869,59,mujer,124
1038,Riaz Paine,DOMINICA,R55718801,49,mujer,62
1039,Luke O'Ryan,DANESA,J43428501,39,mujer,109
1040,Inaaya Gibbs,CHINA,X91940209,46,mujer,75
1041,Mari Salas,AFGANA,W47619131,31,hombre,185
1042,Vernon Duarte,ALEMANA,T73448503,22,mujer,141
1043,Ilayda Rooney,HINDU,A86686913,49,hombre,185
1044,Michael Elliott,BOLIVIANA,Y40712795,18,mujer,227
1045,Kunal Harding,GUINEA,H12562022,60,mujer,134
1046,Lilia Irwin,MALDIVA,N63553168,35,mujer,243
1047,Ayub Stanley,NORVIETNAMITA,Q91173561,52,hombre,244
1048,Roseanne Legge,SINGAPORENSE,L59263746,19,mujer,109
1049,Tabitha Weber,SUECA,B11447843,52,mujer,84
1050,Simran Coombes,SIRIA,H76555431,18,hombre,244
1051,Don Lowry,BOTSWANESA,L22142099,53,mujer,141
1052,Pia Lozano,NIGERIANA,M72286662,30,hombre,112
1053,Wilf Palacios,NICARAGUENSE,N81698204,49,hombre,211
1054,Jamaal Brown,MALDIVA,X30343038,28,hombre,82
1055,Fahim Watts,MEXICANA,P39499180,22,hombre,22
1056,Jaydn Martin,REINO UNIDO,R35674246,37,mujer,149
1057,Reggie Whitfield,MALIENSE,B77905753,37,hombre,22
1058,Jesse Drake,MALASIA,W74976970,59,hombre,68
1059,Amanda Frame,GAMBIANA,M74177787,59,mujer,199
1060,Elise Lucero,LIBIA,W66036096,48,hombre,162
1061,Hester Finnegan,ETIOPE,I74589776,51,hombre,99
1062,Sarah-Jane Magana,SUECA,M22721791,39,mujer,153
1063,Taslima Wilks,ZAIRANA,D36495951,58,mujer,153
1064,Scott Morales,AFGANA,P34307583,31,hombre,94
1065,Axel Coulson,TAILANDESA,F35407623,24,hombre,148
1066,Drew Khan,CUBANA,X29838977,53,hombre,202
1067,Danial Christian,MONEGASCA,J74190201,56,mujer,117
1068,Jemima Mcleod,NORCOREANA,U33872549,45,hombre,159
1069,Pixie Sawyer,SURINAMENSE,R69721142,50,mujer,70
1070,Chance Wynn,ESTONIA,Q78641272,37,hombre,0
1071,Jamie-Leigh Hills,ISRAELI,S36562389,24,hombre,19
1072,Phillipa Pena,BHUTANESA,X23121300,40,mujer,118
1073,Sabah Tait,REINO UNIDO,I83491962,38,mujer,231
1074,Angelina Kirk,MONGOLESA,B20196947,59,mujer,42
1075,Hafsa Rosas,ESPAÑOLA,G98817535,42,mujer,33
1076,Klara Dean,RUMANA,B27587208,26,mujer,197
1077,Gus Hood,MOZAMBIQUEÑA,V75902595,44,hombre,130
1078,Gracie-Mae Bowman,SIERRA LEONESA,R84966691,46,mujer,5
1079,Tylor Kavanagh,SOVIETICA UCRANIANA,O58946682,21,hombre,217
1080,Iestyn Pate,HINDU,Z67610268,19,mujer,138
1081,Khalid Lin,ZAMBIANA,D74887687,28,hombre,160
1082,Kristin Harrington,TANZANIANA,B99224848,27,mujer,92
1083,Emme Mccullough,DOMINICA,Y62420085,55,mujer,0
1084,Eamonn Frank,BRITANICA,R44920458,20,mujer,73
1085,Gabrielle Simons,PAKISTANI,O85117279,52,mujer,66
1086,Nicola Goldsmith,ARGELIANA,U70996710,29,mujer,103
1087,Franklin Charles,CHINA,B61398372,48,hombre,52
1088,Annabel Bryant,BRASILEÑA,K23504682,51,mujer,147
1089,Eman Marsden,OMANESA,H71951264,32,hombre,92
1090,Tony Guerra,BHUTANESA,N85329885,53,hombre,165
1091,Elleanor Lovell,BRASILEÑA,W63285059,43,mujer,90
1092,Darcey Sampson,REINO UNIDO,D62958993,26,hombre,175
1093,Ishmael Figueroa,MALDIVA,P69442505,43,hombre,30
1094,Pawel Cantu,YEMENI,J25472208,33,mujer,49
1095,Tayah Welch,TAIWANESA,T11556036,24,mujer,125
1096,Kwabena Velez,ARGENTINA,F62685246,60,mujer,14
1097,Erika Swanson,NICARAGUENSE,Y48446065,51,mujer,228
1098,Mikaela French,VATICANA,G48612887,24,hombre,249
1099,Simeon Sutherland,DE CABO VERDE,T48274952,24,hombre,127
1100,Karl Brooks,CHADIANA,A27196574,36,mujer,73
1101,Kayne Mcguire,DE BAHREIN,W59567813,22,mujer,201
1102,Giacomo Anderson,HAITIANA,G59576772,39,hombre,175
1103,Jax Regan,ISLANDESA,Y47445245,48,hombre,77
1104,Emilee Sheppard,CANADIENSE,A93127792,28,hombre,18
1105,Velma Douglas,RWANDESA,F82060209,24,mujer,29
1106,Mya Woodward,CANADIENSE,S94646897,49,mujer,247
1107,Rhea Lake,PAKISTANI,X56143181,25,mujer,142
1108,Randy Irvine,GRIEGA,I13961912,43,hombre,26
1109,Sofie Cooper,DE BAHREIN,F86893510,35,mujer,112
1110,Ella-Louise Tierney,BELICEÑA,N71829231,46,hombre,90
1111,Mohammad Hernandez,BELGA,J25836471,56,hombre,157
1112,Fardeen Terrell,LAOSIANA,C12000940,50,mujer,59
1113,Cassia Barrera,GUINEA,V24231409,33,mujer,147
1114,Clinton Kennedy,MALASIA,E95913254,58,mujer,163
1115,Pranav Strong,CAMERUNESA,V68439625,58,hombre,135
1116,Tamera Perry,FRANCESA,T12435687,59,hombre,239
1117,Rahim Rios,ARGENTINA,S17542103,46,hombre,87
1118,Daanyaal Preece,AUSTRALIANA,T62458021,52,mujer,129
1119,Kien Herbert,ARGELIANA,K29771672,33,hombre,170
1120,Jackson Avalos,ZAMBIANA,A88052129,34,hombre,61
1121,Aiysha Holding,GUYANESA,V55086886,30,mujer,71
1122,Emre Devine,NORCOREANA,V35358596,19,hombre,173
1123,Conah Reeve,DE ZIMBAWI,Q56281794,24,mujer,225
1124,Raihan Shannon,EGIPCIA,Y49630463,59,mujer,177
1125,Farhaan Zamora,KENIANA,L16239489,57,mujer,170
1126,Arlene Larsen,TRINITARIA,V46094550,49,mujer,148
1127,Chelsea Carson,BHUTANESA,N79236809,60,mujer,81
1128,Dario Keith,MAURICIANA,D54522782,54,mujer,21
1129,Austen Pacheco,ARABE,T48086393,58,hombre,117
1130,Agnes Greene,SINGAPORENSE,C79487402,38,hombre,163
1131,Kyle Mcfarland,BOTSWANESA,V18503080,54,hombre,171
1132,Casper Franco,LIBANESA,J21662369,42,hombre,127
1133,Milena Burt,GABONESA,Q39116633,51,hombre,204
1134,Blessing Cortes,REINO UNIDO(BRIT. DEL EXT.),W70902585,51,mujer,222
1135,Kaif Henry,RUMANA,J59221871,21,mujer,183
1136,Ayva Lott,BURUNDESA,G81387601,38,hombre,185
1137,Eathan Abbott,GHANATA,Q40302157,31,mujer,37
1138,Larry Bass,SANTA LUCIENSE,Q62246069,38,hombre,100
1139,Bronwen Fountain,JORDANA,X71642225,30,hombre,176
1140,Scarlet Rodriquez,ESLOVENIA,X15979606,50,hombre,25
1141,Aviana Bond,MAURICIANA,R41794606,51,mujer,46
1142,Rida Huynh,LESOTHENSE,H70988509,43,hombre,178
1143,Chad Quintero,MALDIVA,G92277283,36,mujer,139
1144,Miguel Downs,MALAWIANA,P10687329,30,hombre,87
1145,Axel Woods,REINO UNIDO,X45410913,33,hombre,173
1146,Ella-May Jeffery,NIGERINA,V88009042,48,hombre,216
1147,Mahi Gentry,YEMENI,X74534091,38,hombre,9
1148,Yasmin Schofield,GUINEA,V51944597,57,mujer,11
1149,Yash Arnold,JAMAIQUINA,B96929536,58,mujer,136
1150,Samara Garrison,MOZAMBIQUEÑA,M78425830,34,mujer,65
1151,Danielius Joseph,TURCA,D57194637,49,hombre,0
1152,Yousif Mcknight,IRAQUI,Y72894126,49,mujer,102
1153,Hina Daniel,IRANI,W48349381,54,mujer,178
1154,Lucas Coulson,GUINEA ECUATORIANA,A26589653,56,hombre,15
1155,Koa Meyers,PORTUGUESA,U27285118,47,mujer,141
1156,Irene Houston,ALEMANA,U12176268,53,mujer,96
1157,Ross Bartlett,IRLANDESA,F29559496,41,hombre,217
1158,Laibah Sharma,SAMOANA,F13951238,32,mujer,190
1159,Lilia Morrow,GUINEA,G22901340,44,hombre,82
1160,Umer Escobar,SAN MARINENSE,X60027782,41,mujer,185
1161,Mahad Wilks,SUDANESA,J93152193,38,mujer,61
1162,Faizan Spencer,PUERTORRIQUEÑA,A99632980,19,hombre,38
1163,Maureen York,AUSTRIACA,L73550438,26,mujer,230
1164,Renae Liu,HUNGARA,W53137288,31,mujer,140
1165,Ayrton Hibbert,HUNGARA,E48613121,38,mujer,141
1166,Cade Hamer,MALASIA,R39914552,39,hombre,100
1167,Jacque Gregory,KUWAITI,Z35082300,33,hombre,15
1168,Alan Davison,DE ZIMBAWI,C54286034,27,mujer,205
1169,Carly Christensen,JAPONESA,S58839507,28,hombre,192
1170,Hassan Alfaro,SWAZI,R79342213,22,mujer,13
1171,Victor Oconnell,AUSTRIACA,U93228320,57,mujer,76
1172,Ann Hoffman,ARGELIANA,X62775773,23,hombre,172
1173,Jozef Leech,SAN MARINENSE,M21771881,20,hombre,161
1174,Albert Andrade,LAOSIANA,S36768422,30,mujer,108
1175,Alessandro Armitage,MARROQUI,R67847596,44,hombre,53
1176,Vihaan Samuels,NORVIETNAMITA,Y11681437,24,mujer,19
1177,Zidan Mosley,GUYANESA,Q26753013,46,mujer,26
1178,Corben Whitmore,MOLDOVIA,K96186985,55,hombre,131
1179,Chance Burton,MONEGASCA,T74766321,48,mujer,181
1180,Dominika Mackie,MOLDOVIA,R61544371,60,hombre,169
1181,Eoghan Whittle,SALOMONESA,Q89845413,39,mujer,119
1182,Hunter Clegg,CHECOSLOVACA,H18240674,54,mujer,185
1183,Millicent Ellison,RUMANA,V77812878,43,mujer,25
1184,Tobey Bean,TAIWANESA,A41933786,57,mujer,201
1185,Saskia Vaughan,MALAWIANA,S52555979,56,hombre,16
1186,Asia Mclean,LAOSIANA,H77386222,59,hombre,1
1187,Dylan Bloggs,MALIENSE,F84909065,33,hombre,68
1188,Martin Wood,LIBIA,J12073077,35,hombre,78
1189,Zarah Avila,DE BARBADOS,M40245776,38,hombre,65
1190,Kameron Parsons,ISRAELI,U48804800,43,mujer,64
1191,Persephone Hudson,GRANADINA,F68273821,25,mujer,124
1192,Ashleigh Patton,PORTUGUESA,L77622942,51,hombre,24
1193,Ryder Berger,HAITIANA,M38161500,59,mujer,69
1194,Benas Lam,AUSTRALIANA,O84277606,25,mujer,88
1195,Dolly Cairns,VENEZOLANA,F69585209,20,mujer,81
1196,Hollie Read,MACEDONIA,Q61982096,59,hombre,88
1197,Kory Peel,LESOTHENSE,J56553199,37,mujer,178
1198,Johnnie Sexton,DE SEYCHELLES,V45882809,55,hombre,222
1199,Luka Mays,MARFILEÑA,F18210761,55,mujer,216
1200,Hugo Haynes,PORTUGUESA,F55010630,22,mujer,189
1201,Ellise Berry,NAMIBIANA,L29047941,47,hombre,190
1202,Luke Graham,GUINEA,P15124982,37,mujer,50
1203,Ailish Ferrell,SALVADOREÑA,W34080276,49,mujer,191
1204,Sneha Macgregor,TOGOLESA,F64344584,26,hombre,96
1205,Sienna-Rose Bass,PARAGUAYA,Y23525607,22,hombre,113
1206,Arsalan Acosta,FILIPINA,J37639326,27,mujer,43
1207,Izabella Devlin,MALAWIANA,B30957386,56,hombre,0
1208,Dainton Hubbard,PAKISTANI,K11864885,36,hombre,241
1209,Billy Burrows,OMANESA,T19082779,36,mujer,167
1210,Dominik Christie,GRIEGA,O81303033,54,hombre,193
1211,Kenya Chamberlain,CHILENA,C25483960,18,hombre,90
1212,Aamina Adam,BELGA,F41066051,58,hombre,107
1213,Emir Dalton,ESLOVACA,Z39409745,54,hombre,204
1214,Ramone William,CHIPRIOTA,S65545547,49,mujer,189
1215,Nolan Davila,CUBANA,H60319485,52,mujer,171
1216,Aimee Hendricks,DE CABO VERDE,W59719049,41,mujer,150
1217,Shoaib Ford,BURUNDESA,Z39477666,53,mujer,158
1218,Erik Mayo,IRANI,O27293489,52,mujer,126
1219,Yasir Talley,RUMANA,P41923009,42,mujer,205
1220,Rae Singleton,KUWAITI,H77749573,55,hombre,66
1221,Charley Mcfarlane,MOZAMBIQUEÑA,B93001900,37,hombre,194
1222,Henri Wilson,SOVIETICA UCRANIANA,C61251487,43,mujer,37
1223,Safia Villa,SUDCOREANA,N57074241,25,mujer,235
1224,Nancie Chapman,LIBANESA,A79049716,23,hombre,193
1225,Brennan Richardson,EGIPCIA,R89307152,27,mujer,174
1226,Ayda Bates,MALTESA,H74217688,48,mujer,220
1227,Shana Blankenship,SIERRA LEONESA,S34427761,30,hombre,79
1228,Elleanor Michael,YUGOSLAVA,V93229650,28,mujer,234
1229,Maksymilian Jacobs,PAKISTANI,Z16927017,52,hombre,45
1230,Aleeza White,SUDCOREANA,Z70896232,52,mujer,23
1231,Garrett Goodwin,GRIEGA,B45393192,34,hombre,57
1232,Zhane Love,DOMINICA,K11003990,20,mujer,139
1233,Joss Barber,COSTARRICENSE,Y86316326,42,hombre,47
1234,Leyla Phan,NORVIETNAMITA,U42475060,34,mujer,78
1235,Diane Skinner,MACEDONIA,S56194608,56,mujer,4
1236,Shazia Henry,COMORENSE,W32270599,23,mujer,125
1237,Noah Zuniga,BULGARA,B64263142,50,mujer,134
1238,Madina Salter,ESLOVAQUIA,L39691754,44,hombre,101
1239,Rudra Blackburn,MOZAMBIQUEÑA,U14154176,42,mujer,121
1240,Teegan Caldwell,ESTADOUNIDENSE,T56398813,21,mujer,136
1241,Umayr Lees,BIRMANA,B97849089,59,mujer,118
1242,Ty Tierney,SENEGALESA,C21144652,23,hombre,176
1243,Haniya Neale,BULGARA,N58473121,47,hombre,76
1244,Addison Crowther,BOTSWANESA,Q40560753,39,hombre,103
1245,Luc Kane,MONGOLESA,I36619907,34,hombre,193
1246,Sherri Weeks,GABONESA,X11378134,28,mujer,121
1247,Estelle Ayala,SUECA,L52626275,38,hombre,28
1248,Eliot Gibson,BAHAMEÑA,F12584447,58,hombre,145
1249,Akram Pena,CHIPRIOTA,E79310984,41,mujer,16
1250,Skyla Ferrell,SURINAMENSE,D90886133,57,mujer,185
1251,Eshaan Simon,REINO UNIDO,Y88192910,28,hombre,230
1252,Rhian Flowers,AUSTRIACA,A20675685,36,mujer,97
1253,Alastair Carey,NIGERINA,C30077464,25,mujer,153
1254,Allegra Melendez,MALASIA,U37538934,18,hombre,215
1255,Haydon Frame,KUWAITI,K48222874,52,hombre,141
1256,Sahil Blackwell,BHUTANESA,N98888249,41,hombre,69
1257,Ami Estrada,TRINITARIA,K41763126,18,mujer,137
1258,Zander Barron,REINO UNIDO,A38534494,42,hombre,4
1259,Phillipa Jensen,ARABE,M14701297,27,mujer,37
1260,Vicki Walmsley,SALOMONESA,G11887618,58,mujer,56
1261,Charlotte Mercer,MAURICIANA,G94494936,33,mujer,158
1262,Brennan Bone,EGIPCIA,T17999319,54,mujer,92
1263,Sama Perry,ANGOLESA,K38048592,21,mujer,149
1264,Jared Keller,ISRAELI,S62963313,19,mujer,8
1265,Vera Brown,GHANATA,H97280086,35,hombre,235
1266,Cinar Brady,DE CABO VERDE,P76015596,59,mujer,233
1267,Karen Oneil,PARAGUAYA,Y80713335,52,hombre,7
1268,Gethin Wormald,ETIOPE,L66422553,20,hombre,94
1269,Andreea Knapp,NAMIBIANA,R78750474,55,hombre,136
1270,Gabriel Jones,HUNGARA,O98430727,32,mujer,222
1271,Devante Ortiz,SOVIETICA UCRANIANA,F46960416,20,mujer,127
1272,Alisa Potter,ZAMBIANA,T72933979,22,mujer,150
1273,Zahrah Graves,SURINAMENSE,X43264143,24,hombre,125
1274,Sophie-Louise Rollins,NAMIBIANA,M27563604,32,mujer,22
1275,Billy-Joe Duffy,SWAZI,C48673298,28,hombre,112
1276,Elisha Ellis,MALASIA,D61705061,43,hombre,122
1277,Grayson Phelps,BOTSWANESA,V96699134,25,hombre,23
1278,Elizabeth Derrick,HONDUREÑA,Q27263029,53,hombre,157
1279,Kennedy Salgado,KIRGUISTAN,H16441869,42,hombre,52
1280,Wilbur Zuniga,SURINAMENSE,Q89389311,33,mujer,58
1281,Sulayman Mustafa,MOLDOVIA,U19901061,41,mujer,0
1282,Tye Gilliam,ISRAELI,M67903414,38,hombre,87
1283,Alexandria Farmer,COMORENSE,Q67899814,42,mujer,215
1284,Caoimhe Chavez,AUSTRALIANA,F26385666,51,mujer,184
1285,Isaac Huber,DEL QATAR,X82331557,20,mujer,126
1286,Kloe Shaffer,MARFILEÑA,H68402128,45,hombre,157
1287,Kyan Phillips,BELGA,K20924077,56,mujer,150
1288,Kareem Espinoza,DE BENNIN,Q52797482,48,mujer,135
1289,Layla-Mae Knight,GRANADINA,D47203149,45,hombre,198
1290,Arthur Huffman,HUNGARA,Y91126724,19,hombre,75
1291,Issa Rankin,YUGOSLAVA,S25550844,37,mujer,31
1292,Sahra Leon,VENEZOLANA,B59816110,32,mujer,114
1293,Edan Schmidt,COMORENSE,Q83101040,30,hombre,46
1294,Marc Gilmore,SUDANESA,R13795454,27,mujer,60
1295,Breanna Landry,ITALIANA,M90986443,43,mujer,139
1296,Sheila Duarte,ALEMANA,H17172762,50,mujer,99
1297,Neel Wilson,CHINA,O82932366,57,mujer,86
1298,Kayson Tran,KUWAITI,K55832601,35,hombre,109
1299,Zuzanna Morrison,BELICEÑA,I15045337,47,hombre,237
1300,Divine Hardy,YUGOSLAVA,T91606876,25,mujer,82
1301,Mohamed Slater,FIJIANA,B12038382,37,hombre,77
1302,Nicholas Bernard,LIBERIANA,P96299780,42,mujer,142
1303,Dainton Calvert,NIGERINA,Q15931660,43,mujer,147
1304,Poppy-Rose Read,ANGOLESA,K45735769,34,mujer,69
1305,Nabeel Acevedo,NIGERIANA,L43548040,51,hombre,152
1306,Riyad Raymond,DE BAHREIN,K11961239,51,mujer,86
1307,Macauley Sexton,NEPALESA,G29133284,41,hombre,27
1308,Diogo Baker,HINDU,V60931739,59,mujer,68
1309,Kory Fernandez,ESPAÑOLA,V50315885,44,mujer,177
1310,Edward Humphries,UGANDESA,K26449991,45,mujer,77
1311,Paige Jaramillo,BRASILEÑA,Y20965642,29,mujer,53
1312,Kamil Clayton,TAILANDESA,Y86570054,33,mujer,10
1313,Cassie Benton,ESLOVACA,E47448781,36,hombre,194
1314,Teri Finch,LAOSIANA,U66924527,59,hombre,120
1315,Sophia Berg,SALVADOREÑA,Z65517941,38,hombre,11
1316,Fleur Salazar,HINDU,Z81082204,31,hombre,0
1317,Arissa Bowler,MONEGASCA,W84619587,38,mujer,162
1318,Mitchel Chen,SWAZI,X98037398,32,mujer,113
1319,Lynsey Redmond,HOLANDESA,C96663013,24,hombre,5
1320,Jamaal Glover,DOMINICANA,M21596637,25,hombre,22
1321,Paloma Hahn,ESPAÑOLA,U19228535,53,hombre,14
1322,Lacie-Mae Ray,CAMBOYANA,J30413701,35,hombre,163
1323,Rumaysa Smart,GUYANESA,C97098157,53,mujer,88
1324,Abel Potts,LIBANESA,V26386082,38,mujer,46
1325,Ciara Prosser,IRAQUI,M15764022,29,mujer,246
1326,Kara Vinson,ISLANDESA,E80101428,47,mujer,179
1327,Amina Christensen,DOMINICA,K91232911,18,hombre,224
1328,Aqib Horton,NICARAGUENSE,W84662866,45,hombre,134
1329,Kingston Oconnor,DE BAHREIN,L42104285,40,mujer,88
1330,Gerald Mosley,SURINAMENSE,O81415487,59,mujer,116
1331,Herman Fitzpatrick,ITALIANA,H19460102,22,mujer,31
1332,Isla-Rose Travis,SALVADOREÑA,I15327232,54,hombre,176
1333,Elsa Findlay,SALVADOREÑA,P50994894,23,hombre,53
1334,Henley Salt,ITALIANA,H52768863,36,hombre,117
1335,Amira Duran,ARGENTINA,M23966555,18,hombre,217
1336,Vincent Velasquez,SALVADOREÑA,F13974785,23,hombre,103
1337,Deborah Mcdowell,GUYANESA,I95652889,47,hombre,25
1338,Cheyenne Tillman,YUGOSLAVA,C91112222,33,hombre,57
1339,Leen Proctor,LIBIA,S11031665,59,hombre,212
1340,Kirsten Ashton,BIRMANA,V51518398,58,hombre,156
1341,Gary Hodges,GUINEA,Z51759042,55,mujer,53
1342,Lylah Lindsay,TURCA,B63521942,39,mujer,112
1343,Phebe Thorne,GAMBIANA,G52163057,37,hombre,88
1344,Will Compton,SINGAPORENSE,U17303950,48,hombre,197
1345,Ceara Branch,TANZANIANA,V76582906,55,mujer,235
1346,Dania Baldwin,ESTADOUNIDENSE,D40668412,36,mujer,186
1347,Zainab Leigh,AUSTRALIANA,Z64954564,43,hombre,38
1348,Yasemin Strickland,ZAMBIANA,N84232868,22,hombre,121
1349,Lori Crawford,SOVIETICA UCRANIANA,G70058268,36,mujer,185
1350,Elana Thomson,SUDAFRICANA,G59250880,36,mujer,138
1351,Kya Wall,ALEMANA,J58429507,26,mujer,137
1352,Jaidan Sparrow,NIGERINA,X91970776,57,hombre,115
1353,Wiktoria Ferreira,AUSTRALIANA,J52509436,48,mujer,18
1354,Rebecca Rice,ISRAELI,E37210159,30,hombre,93
1355,Amman Rivera,BURKINA FASO,E55021195,60,hombre,172
1356,Lillian Maguire,TUNECINA,V42959743,24,mujer,99
1357,Jada Fisher,GUINEA,N26184586,33,mujer,238
1358,Conna Hartley,ZAMBIANA,Q38122183,52,hombre,127
1359,Tillie Devine,INDONESA,D33460699,29,mujer,244
1360,Iestyn Henry,KIRGUISTAN,Y45945019,18,hombre,229
1361,Eileen Wolf,ISRAELI,P49098038,58,mujer,137
1362,Barbara Norman,BHUTANESA,I61164574,27,hombre,31
1363,Pollyanna Estrada,NAMIBIANA,Z93920529,28,mujer,179
1364,Chris Bonner,LIBANESA,I76314419,19,hombre,239
1365,Romany Finnegan,PORTUGUESA,V64493595,50,hombre,70
1366,Malakai Hanson,GUINEA,B48412354,49,mujer,84
1367,Henley Knox,BULGARA,X92505390,43,mujer,98
1368,Kathy Fernandez,RWANDESA,S30095111,46,hombre,146
1369,Leland Pritchard,GABONESA,J73336500,50,hombre,66
1370,Luke Mcneil,ESTONIA,G39904048,46,hombre,159
1371,Jez Vinson,GUINEA ECUATORIANA,A86425933,57,hombre,142
1372,Miya Thorpe,TANZANIANA,H66720894,35,hombre,142
1373,Devante Sumner,OMANESA,S41299323,33,hombre,108
1374,Saxon Beach,ITALIANA,I98876536,18,mujer,235
1375,Wilson Norris,LITUANIA ,T36453293,33,mujer,78
1376,Havin Johnson,AUSTRIACA,P16592738,42,hombre,201
1377,Virgil Gough,CHIPRIOTA,D39950667,57,mujer,33
1378,Anam North,COLOMBIANA,V41581736,32,mujer,200
1379,Kealan Franco,KENIANA,D55276623,54,mujer,45
1380,Elena Donald,SURINAMENSE,P43172347,25,hombre,231
1381,Sophia Miles,HAITIANA,P52379994,55,mujer,71
1382,Ines Swanson,SWAZI,Y50357706,54,hombre,237
1383,Zac Tierney,REINO UNIDO,Z21021293,35,hombre,247
1384,Rachael Mccartney,NAMIBIANA,O64359907,26,hombre,3
1385,Zubair Odonnell,GUYANESA,S42985830,47,mujer,140
1386,Tiarna Short,BURUNDESA,K85468974,55,mujer,16
1387,Wilma Reese,SUIZA,P18446920,57,hombre,117
1388,Kendal Valdez,ESTONIA,U50048801,25,mujer,224
1389,Noa Rocha,BOLIVIANA,M39242047,48,hombre,110
1390,Charlize Alcock,DE SANTO TOME,X80116169,38,hombre,34
1391,Ben Randolph,TUNECINA,F38855475,19,hombre,22
1392,Grover Ferrell,SAN MARINENSE,T13945110,31,mujer,18
1393,Kristie Buckley,PAPUENSE,F95882692,49,hombre,74
1394,Melina Osborn,MALDIVA,Q70863892,25,hombre,83
1395,Misha Mathews,AMERICANA,O33861968,29,hombre,215
1396,Aeryn Kaiser,ZAMBIANA,Z53032258,20,mujer,123
1397,Woody Banks,GRANADINA,J68640174,25,mujer,199
1398,Tamara Meyers,PAPUENSE,Z64414223,25,mujer,103
1399,Cavan Howells,TRINITARIA,P61086155,32,hombre,99
1400,Bret Emerson,PARAGUAYA,P30793818,29,hombre,62
1401,Miles Boyle,DE SANTO TOME,K30677562,22,mujer,218
1402,Haiden Grimes,SUIZA,X24210550,36,hombre,194
1403,Mohsin Suarez,TUNECINA,D90715023,60,hombre,76
1404,Milosz Walton,SINGAPORENSE,E10833391,18,hombre,248
1405,Erin Reyes,SIRIA,L18673955,25,mujer,183
1406,Emmett Wu,INDONESA,H89652178,27,mujer,132
1407,Scott Dupont,PARAGUAYA,Y15695568,46,hombre,37
1408,Akshay Childs,MOZAMBIQUEÑA,Q33775782,54,hombre,83
1409,Riya Nichols,PANAMEÑA,S25634429,54,hombre,214
1410,Aleesha Gonzalez,NICARAGUENSE,R68569887,25,mujer,216
1411,Blanche Irwin,ZAIRANA,K94722421,47,mujer,95
1412,Kaleb Buck,ZAIRANA,I81977975,21,mujer,212
1413,Ernest Delaney,BURKINA FASO,T67930846,42,mujer,207
1414,Patsy Whitworth,SIERRA LEONESA,M19914728,19,mujer,146
1415,Esme-Rose Bouvet,REINO UNIDO,J87388807,52,mujer,113
1416,Diego Rivas,CHILENA,Q46871617,36,mujer,71
1417,Raife Cisneros,SIERRA LEONESA,M71674565,42,mujer,173
1418,Coral Fischer,PORTUGUESA,X18888240,49,mujer,58
1419,Ananya Proctor,NIGERINA,C57695203,42,hombre,186
1420,Farrell Ochoa,NAURUANA,W55909833,58,hombre,67
1421,Alivia Harmon,JORDANA,I93183047,50,mujer,135
1422,Sofie Frame,MALDIVA,E32561867,27,mujer,127
1423,Ember Barclay,HINDU,P33358213,26,mujer,117
1424,Adyan Gaines,AMERICANA,Q88546277,19,mujer,96
1425,Mikaeel Sharp,SWAZI,P96524778,46,hombre,229
1426,Eshan Lamb,SAN MARINENSE,J44112329,41,hombre,181
1427,Lola Clayton,TOGOLESA,H56479198,57,mujer,183
1428,Oliver Tanner,BELICEÑA,D64619991,21,mujer,52
1429,Theia Nash,CONGOLESA,C50103864,41,hombre,229
1430,Reema Cox,ARGELIANA,K38747041,18,hombre,163
1431,Sherri Holden,HONDUREÑA,M93397516,52,mujer,91
1432,Cheryl Houghton,ZAMBIANA,D15088868,31,mujer,132
1433,Zephaniah Hicks,CHECOSLOVACA,Q42757121,23,hombre,239
1434,Carmel Camacho,BAHAMEÑA,H78731055,42,mujer,232
1435,Ailish Rosas,LIBANESA,H25765941,36,hombre,111
1436,Amalia Broadhurst,GRIEGA,T75045815,53,hombre,117
1437,Nolan Connelly,MICRONECIA,F43189471,41,hombre,41
1438,Oriana Richmond,PAPUENSE,M23195986,33,hombre,73
1439,Sabrina Flynn,MARFILEÑA,H59461332,33,hombre,96
1440,Ava Magana,CANADIENSE,J22719557,41,hombre,85
1441,Samera Espinoza,LITUANIA ,P77071543,30,hombre,186
1442,Lucinda Mooney,NEPALESA,Z49208250,35,hombre,115
1443,Connagh Turnbull,AFGANA,N54392116,32,mujer,172
1444,Shantelle Mejia,DE BAHREIN,R83022086,40,hombre,175
1445,Aneesah Meyer,LIECHTENSTENSE,A22830260,23,hombre,95
1446,George Costa,BIRMANA,E11799224,42,hombre,219
1447,Ellesha Alford,URUGUAYA,I77690464,31,hombre,115
1448,Marcel Dillon,KIRGUISTAN,Z80228036,36,mujer,122
1449,Imaad Barnes,SWAZI,I36965140,38,hombre,68
1450,Habib Wagner,BRITANICA,S31809526,58,mujer,2
1451,Aanya Pham,LIECHTENSTENSE,P28129448,19,hombre,150
1452,Chanel Brock,SIRIA,V19354825,19,hombre,137
1453,Khalid Watson,ALEMANA,C18219644,52,hombre,84
1454,Talha Maguire,ZAMBIANA,M92953962,37,hombre,206
1455,Tasha Ridley,RUMANA,Y71450811,55,hombre,25
1456,Eliana O'Quinn,SUDANESA,D80875979,25,mujer,85
1457,Norma Robin,BOLIVIANA,Y64764806,38,mujer,112
1458,Jaxson Legge,FRANCESA,J59091515,26,hombre,217
1459,Montel Crane,REINO UNIDO,B96418694,31,mujer,245
1460,Ammarah Willis,MARROQUI,E97634230,18,mujer,110
1461,Noel Warren,MAURITANA,H54227583,33,hombre,210
1462,Mahi Dupont,ZAIRANA,T34993364,22,mujer,176
1463,Holli Jaramillo,HOLANDESA,O43096030,56,hombre,84
1464,Aleyna Curry,URUGUAYA,W45263887,57,mujer,12
1465,Tyson East,IRLANDESA,Y22908576,39,hombre,72
1466,Tonya Wilkins,LIECHTENSTENSE,K32583749,58,hombre,187
1467,Nafeesa Boyle,GABONESA,J29953266,60,hombre,102
1468,Jameel Quinn,SINGAPORENSE,K58853972,21,mujer,107
1469,Alia Daniels,JAPONESA,Q91974018,55,mujer,122
1470,Miyah Donald,PARAGUAYA,R53934827,28,mujer,177
1471,Koa Le,MONEGASCA,C43094431,38,mujer,65
1472,Raiden Cairns,CANADIENSE,H95880960,28,hombre,5
1473,Angus Plummer,LIBANESA,L62301948,28,hombre,230
1474,Julie Rodriquez,NAURUANA,C35680280,55,mujer,11
1475,Cristian Barron,SUIZA,X98523776,22,mujer,47
1476,Lyle Pate,GUINEA ECUATORIANA,F15613610,53,mujer,2
1477,Tobias Partridge,ETIOPE,Q91915032,56,hombre,61
1478,Sarah-Jane Cherry,URUGUAYA,V60764222,18,hombre,149
1479,Lynsey Sears,BRITANICA,S75558443,29,hombre,39
1480,Shakeel Lam,MEXICANA,Q35652318,23,mujer,116
1481,Kelvin Cervantes,FINLANDESA,B15207104,34,mujer,172
1482,Denise Gordon,DOMINICA,Y67770169,27,hombre,155
1483,Irfan Dickinson,DANESA,Z89168974,50,hombre,2
1484,Alastair Wilkes,CHINA,S31711852,34,hombre,12
1485,Brandi Stamp,AFGANA,C58646385,21,hombre,49
1486,Fenella Wickens,ALEMANA,I34794437,19,mujer,20
1487,Emilija Stewart,HINDU,Z22643979,54,hombre,27
1488,Melina Briggs,BOLIVIANA,E49574564,22,hombre,198
1489,Teegan Hooper,GUINEA,I14560493,42,mujer,216
1490,Sahara Hess,MALDIVA,U94425738,36,hombre,86
1491,Filip Ortega,NORVIETNAMITA,H44107345,39,hombre,37
1492,Benito Beaumont,SINGAPORENSE,J88383831,60,mujer,163
1493,Frances Young,SUECA,O20562020,27,hombre,204
1494,Padraig Humphreys,SIRIA,L62234267,54,mujer,58
1495,Ameena Wallace,BOTSWANESA,Y86372859,20,mujer,215
1496,Bailey Hamilton,NIGERIANA,C28894089,33,mujer,84
1497,Ace Walton,NICARAGUENSE,L65568802,48,hombre,210
1498,Beverley Sharp,MALDIVA,Q27389411,45,mujer,194
1499,Shay Baird,MEXICANA,A83437055,26,mujer,46
1500,Uzma Green,REINO UNIDO,J63004751,19,hombre,103
1501,Alishba Potter,MALIENSE,I33929157,45,hombre,248
1502,Suzanna Bean,MALASIA,E74931410,23,hombre,204
1503,Theia Churchill,GAMBIANA,M22599508,21,hombre,214
1504,Francesco Parrish,LIBIA,N49133392,39,mujer,241
1505,Ariana Cleveland,ETIOPE,P44337852,26,hombre,176
1506,Izabel Jeffery,SUECA,O50692935,30,hombre,245
1507,Macy Mueller,ZAIRANA,J73623481,31,hombre,33
1508,Kabir Hurst,AFGANA,A88844603,21,mujer,214
1509,Zayna Mill,TAILANDESA,Z98988713,23,mujer,217
1510,Christian Rosales,CUBANA,J59950077,57,hombre,127
1511,Ibrahim O'Reilly,MONEGASCA,F74047444,49,mujer,137
1512,Franklin Whitney,NORCOREANA,F95552155,49,hombre,30
1513,Wilson Huff,SURINAMENSE,O71022549,20,mujer,141
1514,Ayana Decker,ESTONIA,G54657901,21,mujer,232
1515,Hana Vu,ISRAELI,C61655882,39,mujer,99
1516,Alejandro Trujillo,BHUTANESA,K12654398,57,mujer,191
1517,Ayomide Hutton,REINO UNIDO,V43692324,36,mujer,79
1518,Zion Hampton,MONGOLESA,D23850707,40,hombre,139
1519,Jett Becker,ESPAÑOLA,R92063116,24,hombre,115
1520,Radhika Dudley,RUMANA,S12023826,33,hombre,184
1521,John-James Hood,MOZAMBIQUEÑA,H14216032,23,hombre,25
1522,Gwion Chan,SIERRA LEONESA,E15311496,23,mujer,183
1523,Komal Stephenson,SOVIETICA UCRANIANA,G40799282,49,mujer,198
1524,Dennis Haynes,HINDU,L22938365,54,hombre,19
1525,Kieran Mcmanus,ZAMBIANA,D14950542,26,mujer,0
1526,Kean Nicholls,TANZANIANA,E68580309,49,mujer,36
1527,Tai Robles,DOMINICA,S73126291,57,mujer,181
1528,Ayush Moss,BRITANICA,H25917362,22,mujer,21
1529,Etienne Butler,PAKISTANI,G56673931,50,mujer,133
1530,Caolan Espinoza,ARGELIANA,I79947265,34,hombre,148
1531,Clementine Sheldon,CHINA,U68460971,56,mujer,98
1532,Enya Boone,BRASILEÑA,E93314712,30,mujer,137
1533,Zayd Fellows,OMANESA,O84026147,47,mujer,113
1534,Emmie Talley,BHUTANESA,I69758453,54,mujer,191
1535,Sachin Jenkins,BRASILEÑA,P67850230,46,hombre,38
1536,Roxy Mccall,REINO UNIDO,I12399792,24,mujer,142
1537,Danica Cardenas,MALDIVA,X27674093,22,hombre,177
1538,Poppy Leon,YEMENI,H21742994,26,mujer,162
1539,Cai Gallagher,TAIWANESA,W59784575,46,mujer,14
1540,Ashton Branch,ARGENTINA,K41896189,57,hombre,81
1541,Huma Newton,NICARAGUENSE,W75181933,55,hombre,162
1542,Ernest Rollins,VATICANA,U71056694,49,hombre,54
1543,Rayan Hewitt,DE CABO VERDE,Z94575494,59,hombre,16
1544,Musa Rayner,CHADIANA,P34487801,45,mujer,64
1545,Kason Jenkins,DE BAHREIN,Y26687661,22,hombre,213
1546,Garin Hills,HAITIANA,P62521786,43,mujer,180
1547,Cooper Lucas,ISLANDESA,H25875897,32,mujer,119
1548,Aronas Hatfield,CANADIENSE,E36506226,49,mujer,233
1549,Huma Valentine,RWANDESA,H15179611,25,mujer,42
1550,Suzannah Mcphee,CANADIENSE,H81111869,34,hombre,185
1551,Nelly Moyer,PAKISTANI,F69350912,30,hombre,16
1552,Nadia Bush,GRIEGA,D16642175,25,mujer,99
1553,Noah Dotson,DE BAHREIN,K47765385,57,mujer,224
1554,Daniella Medrano,BELICEÑA,H60519333,27,mujer,228
1555,Marwa Hopkins,BELGA,M70221947,60,hombre,33
1556,Hajrah Hansen,LAOSIANA,M41203201,19,hombre,22
1557,Eloise Hinton,GUINEA,Y93670902,50,hombre,7
1558,Arlo Fraser,MALASIA,J17125181,49,mujer,151
1559,Zack Tang,CAMERUNESA,X82519989,34,mujer,210
1560,Maddison Chung,FRANCESA,N78674089,50,hombre,89
1561,Maisey Lawrence,ARGENTINA,Y81002144,40,mujer,96
1562,Zubair Kay,AUSTRALIANA,O63984931,39,mujer,180
1563,Eben Power,ARGELIANA,L69265815,29,hombre,29
1564,Elizabeth Yu,ZAMBIANA,E54691162,39,hombre,236
1565,Phillipa Archer,GUYANESA,R60669083,48,hombre,164
1566,Bilaal Novak,NORCOREANA,O66263196,37,mujer,57
1567,Ananya Sherman,DE ZIMBAWI,K57095440,22,hombre,131
1568,Aston Berg,EGIPCIA,K38336985,18,mujer,41
1569,Alexa Henderson,KENIANA,X71965468,32,mujer,160
1570,Aairah Larsen,TRINITARIA,L34669447,27,hombre,108
1571,Christos Sharma,BHUTANESA,N68371627,29,mujer,214
1572,Betty Whittington,MAURICIANA,X47728816,39,hombre,66
1573,Adnaan Corona,ARABE,A71445978,57,hombre,78
1574,Raya Dejesus,SINGAPORENSE,X76165312,57,hombre,182
1575,Eric Caldwell,BOTSWANESA,E74162962,52,hombre,91
1576,Lillie-May Hammond,LIBANESA,Z71264239,43,hombre,58
1577,Vivienne Herrera,GABONESA,I60955054,40,hombre,147
1578,Rea Alvarado,REINO UNIDO(BRIT. DEL EXT.),J25372468,40,hombre,198
1579,Tymon Gaines,RUMANA,M15728697,60,mujer,103
1580,Janelle Dickerson,BURUNDESA,B26662981,52,mujer,118
1581,Tianna Sharp,GHANATA,Y11005141,26,mujer,99
1582,Maariya Wagstaff,SANTA LUCIENSE,F13271498,30,mujer,49
1583,Joao Blundell,JORDANA,G91606013,18,hombre,73
1584,Anabella Ramirez,ESLOVENIA,L13188887,44,hombre,82
1585,Aleksandra Pena,MAURICIANA,T64648589,24,hombre,1
1586,Chante Frederick,LESOTHENSE,G23184399,37,hombre,141
1587,Maksim Booker,MALDIVA,S52351362,27,hombre,184
1588,Alivia Ball,MALAWIANA,W22842219,36,mujer,108
1589,Cari Fields,REINO UNIDO,A22997803,48,hombre,225
1590,Veronica Ali,NIGERINA,K89362716,47,hombre,165
1591,Maiya Stout,YEMENI,P33323816,60,hombre,195
1592,Judah Buck,GUINEA,L56259815,43,mujer,133
1593,Fabio Hooper,JAMAIQUINA,G94153544,36,mujer,197
1594,Ryan David,MOZAMBIQUEÑA,W82320661,58,hombre,36
1595,Darcie-Mae Dowling,TURCA,L78231211,43,hombre,57
1596,Inigo Haley,IRAQUI,F42449248,26,mujer,221
1597,Deborah Dunne,IRANI,K68311115,42,mujer,145
1598,Kendal Mcfadden,GUINEA ECUATORIANA,A50484842,22,hombre,169
1599,Charis Lin,PORTUGUESA,D26409712,26,hombre,50
1600,Chantel Hayden,ALEMANA,H90600071,38,mujer,232
1601,Nazia Redfern,IRLANDESA,P10218355,26,hombre,224
1602,Tabatha Flores,SAMOANA,W92234185,53,mujer,96
1603,Bella-Rose Hussain,GUINEA,F49614247,25,mujer,159
1604,Evelina Galindo,SAN MARINENSE,O32713950,29,mujer,71
1605,Yuvaan Roberson,SUDANESA,T82792472,26,mujer,105
1606,Rahima Lowry,PUERTORRIQUEÑA,R59889162,41,mujer,144
1607,Caitlin Blair,AUSTRIACA,C97863755,26,hombre,109
1608,Fabian Walls,HUNGARA,F51141639,33,hombre,30
1609,Miguel Crane,HUNGARA,G59577030,60,mujer,169
1610,Lia Humphrey,MALASIA,I88892388,21,hombre,26
1611,Sheena Perry,KUWAITI,M69113431,31,hombre,237
1612,Emme Fischer,DE ZIMBAWI,F19346482,29,mujer,35
1613,Isra Pruitt,JAPONESA,O13449416,22,hombre,81
1614,Nuha Davila,SWAZI,D26044036,24,hombre,216
1615,Halimah Chaney,AUSTRIACA,E96622189,31,hombre,171
1616,Matthias Waller,ARGELIANA,M16794912,33,mujer,163
1617,Maisha Davis,SAN MARINENSE,H63425329,51,hombre,164
1618,Oluwatobiloba Mac,LAOSIANA,H48785745,30,mujer,19
1619,Lewie Pearson,MARROQUI,F27429636,44,hombre,44
1620,Kayden Gunn,NORVIETNAMITA,U65928011,54,mujer,126
1621,Ellen Downes,GUYANESA,W68251412,22,hombre,137
1622,Axl Hahn,MOLDOVIA,E17897945,43,mujer,27
1623,Thelma Anthony,MONEGASCA,W84528986,25,hombre,82
1624,Siyana Oneal,MOLDOVIA,W19724377,48,mujer,102
1625,Harriet Carpenter,SALOMONESA,M43293318,46,mujer,220
1626,Jason Devlin,CHECOSLOVACA,M81919103,30,hombre,154
1627,Meredith Mcclure,RUMANA,K96803196,22,mujer,120
1628,Olly Kaufman,TAIWANESA,U86107037,45,hombre,153
1629,Aminah Kennedy,MALAWIANA,A38888126,41,hombre,3
1630,Juliet Dennis,LAOSIANA,T53899888,54,mujer,150
1631,Deon Mcneill,MALIENSE,U93785974,30,mujer,219
1632,Dilan Steele,LIBIA,R81584068,59,hombre,74
1633,Fardeen Whittle,DE BARBADOS,J87987922,38,mujer,144
1634,Clarissa Dougherty,ISRAELI,B23610129,60,hombre,136
1635,Yousuf Draper,GRANADINA,S90330150,40,mujer,94
1636,Ishaan Webber,PORTUGUESA,C39285747,33,mujer,42
1637,Remi Barnes,HAITIANA,I88057857,29,mujer,100
1638,Kamran Bull,AUSTRALIANA,M56565231,37,hombre,157
1639,Chandler Chandler,VENEZOLANA,M66934590,56,hombre,33
1640,Julius Roche,MACEDONIA,X63147050,41,hombre,51
1641,Amiyah Short,LESOTHENSE,R65306181,38,hombre,247
1642,Marwah Lester,DE SEYCHELLES,E81051489,52,hombre,215
